reded	1
malizenn	0.853682
erbederezh	0.0258188
erez	0.0722237
maez	0.296342
skilenn	0.0062829
digompouez	1
sorennet	1
aha	0.0497321
dilusenn	0.156078
stammio	1
hage	0.0931582
blejadenn	0.715222
dic'hout	0.843609
silhasil	0.27961
tilh	1
karrnij	0.125056
touchhatouch	0.223451
agreiz	0.352251
tamtam	0.31759
diboell	0.0760447
fumafumifumal	1
pardandienn	1
minouer	0.0219201
manac'hbaleer	1
misionimisionat	1
von	0.0647514
morzholenn	0.134496
tournis	0.260211
brein	1
lammkalon	1
taolvoued	0.538185
ampar	0.328953
goulenn	0.289809
stonka	0.218761
kledourenn	0.748485
mindrailh	0.920701
tourista	1
diharak	1
charn	1
diskoazell	1
rusiat	0.311526
moulleg	0.316312
c'hwerventez	1
adkana	0.661378
pellzoik	0.242982
boulvers	1
adveva	0.699289
siros	0.185982
houstet	1
disgwarez	0.0173216
harpaharpi	1
fouezh	0.256347
adnevezi	1
koach	0.467443
kourailh	0.0089831
lore	0.941626
hoc'h	0.0179576
karrtan	0.266359
karot	0.43909
didrubuilha	0.47011
dibaiani	0.0625937
pred	0.0799325
izelaat	1
Filomena	0.267652
kotenn	0.0375202
adorimell	0.949377
kardell	0.0525564
bead	0.423677
talad	0.0636515
astizerez	0.0109111
nevez	0.0327067
sapek	0.204059
piano	1
hugunot	0.443111
fe	0.203005
daoubenni	0.322916
Monika	0.299453
asi	0.119735
deil	0.309986
tachet	0.590505
kefreder	0.719171
distrafuilh	1
blaz	0.323627
endeusurmaneurmat	0
Ao	0.412072
kosil	0.226777
krev	0.384244
araokaat	0.223301
nouelenn	0.0233298
bioch	0.371334
torgenni	0.0309033
termaji	0.209981
divent	0.0238063
astenn	0.043177
torch	1
klotennet	0.895731
rouzig	1
gat	0.0244476
patono	0.603895
begad	1
devezhiad	0.0161276
nerzhkalon	1
aziwardro	1
relijiel	0.627286
beni	0.484348
boulom	1
dervad	0.0272192
dez	0.036114
enoeet	1
difastet	0.253147
er	0.512746
uz	1
skilfennek	1
gwigal	0.256822
rei	0.74103
primhaprim	1
kalapi	0.363476
ofisiel	1
reklem	0.0143598
ahelet	0.124068
izel	0.565681
anoazhet	1
startaat	0.797786
boue	0.315921
pak	0.381322
mell	0.812714
diraj	0.781157
digilha	1
sas	0.586857
link	0.0876132
truaj	1
rost	0.218954
divrezhonekaet	1
skora	1
dat	0.326987
diraj	0.107787
evitdoare	1
bout	0.351141
kreiza	0.184294
diflav	0.286573
komuniti	1
gerz	0.346986
avoultri	0.193411
kalite	0.00996101
ervet	0.0210097
strevier	0.0308293
taok	0.519207
va	0.293856
leurenn	1
amzer	1
petailh	1
timeur	0.181054
disec'het	0.421521
adaoltarzh	0.225889
l	0.342286
ked	0.434198
azverenn	0.0235373
palank	0.245513
straker	0.0200386
houp	0.554414
krozadenn	0.275242
euriad	1
entanet	0.116159
ouc'hou	0.289711
mell	0.306119
rikamanet	0.126938
engroez	0.0125845
adveva	1
adtommet	0.375946
adjod	0.0769231
moraj	0.45057
reveulzi	1
diavaezour	1
mik	0.377709
karantez	0.519026
tor	1
tilh	0.263494
kurunaj	1
simantet	0.374485
adreuzhagahed	1
dileziad	0.0502691
gwall	0.024246
beselier	0.12681
'ta	1
jaret	0.124945
fled	0.515119
edou	0.397553
forn	0.383177
Abenndimeurzpennzizun	0
filma	0.293848
mell	0.0520102
peureva	0.0382838
oget	0.381845
pasi	0.0248784
difrinka	0.0447223
difoutredifoultre	1
bapeur	1
distrap	0.164093
peurzresa	0.0312424
ploup	0.284219
papuruz	1
turi	0.0304351
esmaes	0.414678
gloevaat	0.00613446
galoch	0.212924
klod	0.305435
diret	0.54976
adveva	0.349623
treuzvor	1
diblusket	1
koko	0.127233
flap	1
dov	1
mout	0.0336861
korer	0.346944
moulbennet	0.00846018
pichos	1
amport	0.188511
digeliener	0.972735
chalbotat	0.319197
pe	0.406185
lostad	1
bokedek	0.821793
lijer	1
farserezh	1
fuzuilher	0.0610335
asi	0.340738
astenn	0.281396
livet	0.804218
parlak	0.693336
talp	0.679726
plaen	1
chinadeg	0.310592
ez	0.19108
von	0.244106
dilu	0.514973
dihoa	0.352251
arwezet	1
diraj	0.410925
lardus	0.0419133
bilhon	0.247956
amzigor	0.393227
kaozeadenn	1
askerb	0.036117
oglenn	0.031254
devor	0.0457043
divors	1
santelaat	1
pres	0.0712843
forc'hata	0.0160856
tikav	0.0459864
pladorennet	1
touller	0.288149
dirennet	0.33256
lerc'heria	0.0174899
reizh	1
sevenn	0.111037
hek	0.50735
begdouar	1
blejerezh	0.429857
gazet	0.0244281
poch	0.296384
gwrac'henn	0.0253681
fonnapl	0.110343
adkemer	1
fidamdoulle	1
difeurm	0.021981
dourbev	1
gwano	0.0155822
mac'hagn	0.0271342
chouk	0.327461
folklorel	0.614396
lardeza	0.163026
kousi	0.308439
barazh	0.728666
areziad	0.255439
liant	1
buhezekaat	0.118092
estren	0.271245
eno	0.666667
ober	0.277244
chagellad	0.025522
fuzik	1
skarlatin	0.941982
as	0.273988
er	0.0809492
beiet	0.326084
stroll	0.317824
ru	0.365534
pennadurezh	0.290832
diskosa	0.368781
tommadenn	0.17419
dizoan	1
bailhad	0.0451354
nondin	0.356294
chakot	0.304166
abellgozh	1
andouv	0.399036
stik	0.180832
trugar	0.311572
aziwardro	1
divorfil	1
ratiko	0.0501847
peurzeski	1
gwidal	1
diskrognet	0.434504
laezhet	0.46716
divlaz	1
nerzhkalon	0.539481
dreuz	0.342169
laveant	0.12869
ruzder	0.438017
taer	0.0657202
asion	0.230626
oget	0.00473359
pastellek	1
paeroni	0.0388782
reizh	1
moust	0.441633
gloestr	0.00869332
berrwelet	0.409077
kasant	0.934234
labous	0.986744
tuilhenn	0.462839
flouret	1
mestrkeginer	1
adroc'h	0.257835
brein	1
pil	0.391583
bir	0.333333
korr	0.237053
lallaik	1
toreg	0.164015
fursot	1
lakrip	0.242777
adaol	0.264382
trist	0.305853
krogyod	0.139928
ankan	0.517519
damouela	0.015608
seller	0.964704
ampar	0.435927
degasad	0.339825
kasell	0.966371
mimi	0.136564
chikat	0.409095
disakr	1
ne	0.162481
bankerbankour	1
sarf	0.387996
brete	0.0191975
dired	0.147992
spiser	0.0970338
peluz	0.0533663
labourek	0.413934
divouedet	0.50779
ae	0.402619
menon	1
rezi	0.401075
toc'hata	0.0273383
hentad	0.953142
teal	0.356984
firig	0.551772
taolvoued	1
bout	0.0885767
koant	0.114412
Jakez	0.258097
avei	0.405545
brugerez	0.11276
ridellat	0.251791
kieza	0.0328974
didu	1
dilabour	0.916667
bon	0.0843898
Salaun	1
'z	0.5
futeal	0.181555
blein	0.00744213
dispont	0.448417
dihala	0.0472375
as	0.326803
reper	0.598226
dic'houli	0.0677954
pifon	1
diouzhta	0.0160948
flateerezh	0.0042552
samm	0.433917
latinat	0.152363
divugel	0.226131
drouget	0.902124
ichtich'ta	1
draou	0.222521
amur	0.0232738
l	0.62507
koulz	0.174693
skoazella	0.0121827
difer	0.236562
amzeri	0.249278
hei	1
helez	0.0380595
rei	0.408394
dourbilh	1
devezhiad	0.0740148
ledanded	1
bog	0.0793551
diavaezour	1
klached	0.157514
goular	0.39115
rouzenn	0.303629
plaen	1
taolru	1
boud	0.357013
provaseg	0.476411
soulvoemi	0.0865682
gwezennad	0.278923
gerz	1
pere	0.27658
maladenn	0.35553
muzul	0.588317
peuzhevel	1
bernwarvern	1
stlibika	0.227952
loc'het	1
fisel	1
drouizez	1
tenn	0.293531
esa	0.0517088
arall	0.314656
dirikla	0.666905
toupen	0.496084
font	0.231372
menon	1
diziaouli	0.286794
sapr'	1
baduellet	0.448791
haelat	0.105978
troet	0.127771
atravet	0.23699
loralori	1
hage	0.586056
niverenn	0.816639
gaiez	0.288124
aganto	0.351491
euskarat	0.398145
mailh	0.332292
gouarnasion	1
kad	0.513498
trejo	0.597766
pim	0.314601
brein	1
lotez	0.262501
molumet	1
forn	0.441305
terenni	0.0555425
dispar	0.159401
bombezer	0.00831024
diwezh	1
rebechad	0.243629
rouzenn	1
drener	0.00310984
eunan	1
macha	0.00421558
naontekvet	0.0307195
spont	1
tadpriol	0.399437
komunist	1
tabore	1
china	0.31858
melenet	0.271796
takebier	0.343656
klufan	0.545498
galoch	0.884845
pilhoter	0.0909979
Nonna	0.192397
lousonia	0.662259
brezeliad	0.0795462
distira	0.0244546
lipig	1
melkoniet	1
sonet	0.0467434
fez	0.255443
mourienn	0.213968
bleuniet	1
pis	0.518509
arval	0.502962
gwelekevnid	0.70432
gat	0.0306849
gast	0.23038
adtenna	0.272293
rabal	1
silhasil	0.27961
meneztanek	0.58041
gouelMikaelez	0.0528033
letin	0.00836578
moulo	0.357373
sederaat	0.292733
koulz	0.283585
moust	1
magn	0.335125
berrentez	1
samm	0.489376
divina	0.188925
grilheta	0.21074
ali	0.243511
razailh	0.322637
pe	0.25
avostad	1
mut	0.382988
didrubuilh	1
kalvar	0.447434
gwelead	0.700142
havouezenn	0.0538515
fok	0.343954
drebiou	1
Glizennfresq	0
sederaat	0.0320997
Chef	0.37892
skrigner	0.813045
meskailhez	0.49433
Fach	1
galienn	0.39706
fraostenn	1
diamant	0.49081
distaponi	0.154218
poullkanna	1
peurzeski	1
adtrei	0.00645725
agloc'had	0.211168
haraoi	0.510831
rouzenn	0.244235
aboz	0.31482
kraboto	0.441789
poloniat	0.917808
pevaret	0.597966
bali	0.966263
skism	0.0442174
punellat	0.628914
laerez	0.641887
Even	0.36777
posin	0.277044
born	0.917484
rabal	0.0855304
Fraseza	1
jastra	0.288183
tonn	0.025802
kozhakozhi	0.14809
entanet	0.400644
tesadenn	0.711639
kizakizi	1
all	0.162588
peizantal	0.419934
peurdreuzi	0.0320214
rinik	0.633763
dilocha	0.085215
aezetaat	1
minotenn	1
dienkrez	0.773074
diflip	1
difeurm	1
redadeg	1
aboell	1
karantezvro	0.285761
armead	0.0216641
dismantradismantridismantr	1
forbannet	0.00751645
tartouz	0.168705
falskredenn	0.739141
pitra	0.0168705
skorf	0.350571
toufl	0.424002
poullklogor	0.569714
ganuzet	1
c'hoariell	1
drailh	0.373985
everias	0.249032
seller	0.392141
endrammerez	0.207969
mito	0.681578
lagout	1
fleur	0.325489
drag	0.321477
poellek	1
teologiezh	1
digredenn	0.970051
meme	0.311167
driked	0.101849
stoubennek	1
barbot	1
difroma	0.481992
barilhad	0.69927
trilamm	0.344223
potas	0.362791
dregichen	1
maladenn	0.284443
avei	0.373426
Triphatraphatrap	0
porzhc'hoari	0.306207
broder	0.250707
tarinenn	0.564752
platan	0.304659
lalla	0.177347
kara	0.970837
menoni	0.184301
dilaza	0.422459
gan	0.344341
trist	1
korneg	0.332887
febl	0.331793
garbedenn	0.376975
stroll	0.131277
bindall	0.00960039
dic'hrasia	0.689599
terzhiennfoll	0.385019
Gwilh	1
sindiket	0.177014
chistrouenn	1
aez	0.147642
pout	1
dizoac'ha	0.0239043
digor	1
astalgostez	1
polez	0.265292
par	0.379463
dezvarn	0.0197143
aoter	1
StadoUnanet	1
morgaoulenn	0.323103
lostenn	0.340168
digompez	1
choupa	1
relez	0.0160016
regali	1
aganto	0.105573
dorborzh	0.295834
trasizonet	1
paravia	1
leog	0.0113133
c'hwistim	0.717208
boulom	1
distaoladenn	0.231098
savet	1
str	0.630552
alfet	0.438825
astrollad	1
dizeri	0.219592
disabret	1
diferlinketdiforlinket	1
fraoj	0.133935
mouchenn	0.49433
amzeri	0.266512
tez	0.359402
bigornenn	1
avaleudoarklorek	0
loso	0.311417
bak	0.479497
greset	0.351217
chan	1
teal	0.425181
souchet	1
laosket	0.0445441
boulc'het	1
Biel	1
palamastrenna	0.18993
pichos	1
sked	0.353038
sederaat	1
pant	0.0177212
strilhenn	0.866379
rouanez	1
dislodenni	0.00890251
broadel	0.330337
divesk	1
minet	0.962586
china	0.204126
parti	0.297379
goulenn	0.0516014
kellid	0.109042
stignet	1
peilhenn	0.696715
roustadenn	0.981249
tor	0.396919
penek	0.247231
pa	0.496564
barverbarvier	1
digounnari	0.519407
yezhadurel	0.566273
bleukata	1
feri	0.195705
treniad	0.0175361
faro	0.144053
amlez	0.117803
pant	0.450412
ru	0.061362
adpae	0.295898
chaogell	1
glazeri	0.0160057
adjod	0.0769231
trec'h	0.359989
falziget	1
fourch	0.945529
kedez	0.159942
roman	0.299035
aboell	0.0339642
aveskell	1
as	0.265602
brodet	1
'ta	0.472076
pegeit	1
stapenn	0.0266929
eben	0.0585507
sabaturus	1
gros	0.669275
maez	0.135703
peka	0.474263
ploupa	0.26337
randoni	0.0409078
breton	1
va	0.402432
dinerzh	0.80185
poellek	1
aveiaven	0.04341
flech	0.46362
kamm	0.165829
alouberezh	0.0491919
neudet	0.24139
orajez	0.363615
karenn	0.333323
roman	0.443281
lallaik	0.38728
lammpenn	0.214699
peurvega	0.439179
alammo	0.42622
trilamm	0.00404232
diharz	0.896889
toulladi	0.0331722
persekuti	0.154448
drailh	1
karvet	0.0990479
preg	0.129603
krognet	0.703883
mate	0.0112289
farouell	0.160955
taok	0.1799
alarc'h	1
diboultrenn	0.813997
klaouiek	0.0207764
beni	0.0271397
kroazigell	0.559541
skism	0.062401
minotenn	0.66951
alammo	0.489385
sac'ha	0.43425
gluten	0.365982
tafaner	0.443841
tavouez	0.085322
jaret	0.376731
tosel	1
dadra	0.946296
nouch	0.0356997
treboul	1
mesk	0.385131
li	0.44706
diwez	0.029823
sistraerezh	0.179713
takon	0.38773
razher	0.0692475
korilh	1
resever	0.747717
finaat	0.246988
radio	0.174507
dizesk	1
paneogwir	0.370785
aleun	0.00549002
lorber	1
kreienet	1
salead	0.0817603
gwanaj	0.326409
liammet	0.269968
parlak	1
adres	0.352195
aren	0.337746
harpon	0.147058
rezi	0.0761416
grignoliad	0.0889837
oglenn	0.248725
ne	0.608432
glizhaj	0.00691364
digardellat	1
didres	0.212095
dizanavez	0.319703
bourd	0.62507
skuizh	1
ergan	0.343136
treuzkomz	0.214684
ampaourig	1
flut	1
gwantenn	0.226976
dat	0.0297023
tor	1
foulet	0.628634
amouiziek	0.0130155
laouez	0.102714
terenni	0.0806805
dreistnatur	1
glevezenn	0.0149864
tourista	1
mezvet	0.19562
ezelet	0.327785
tev	0.25412
begad	1
paganat	0.103948
diflipet	0.153051
difidel	0.159102
peuket	1
bonimal	0.583598
flipaflipatflipi	1
drop	0.184462
klenk	1
imoriek	1
lodennet	0.0426388
dizeri	0.123394
prester	0.0391041
Vif	1
bet	0.570495
blazerezh	0.0155151
poagn	0.504275
splannder	1
lezwreg	1
gwall	0.0676111
agign	0.412742
loufeg	0.5
streuvell	1
rog	0.476747
eno	1
brall	1
dispi	0.428508
gwallober	0.162121
dimez	0.0109286
lalla	0.310628
pourvez	1
sin	1
dirodell	0.0341177
blaz	0.381538
ich	0.232936
seiza	0.236408
diven	0.59773
kildroenn	1
kalonet	0.33175
flipataerezh	0.299653
charn	0.29538
sevenet	0.264209
tieko	0.354827
begad	1
kornklun	0.120271
sklavac'h	0.379
divistr	0.354757
ridellat	0.743102
luil	0.48033
alammat	1
dirinkat	0.317816
trucha	0.0725606
gwenngamm	0.0161313
chal	0.179754
plouf	0.319103
uz	0.563067
luez	0.507188
ahanter	0.331773
goet	1
kaoc'haj	0.00743504
amzer	0.467278
abrezherr	1
klaskerbara	0.53522
kouezhadenn	0.0532944
fidamdoulle	0.826851
dallet	1
spev	0.23807
fic'h	0.474093
luned	0.187579
sardoni	0.737732
brein	1
lammpenn	0.316859
kernielandiaoul	1
hivizenn	0.423912
mailh	0.535907
dalbat	0.471677
nondin	0.172752
flua	0.279361
tez	0.342624
adro	0.497665
pazi	0.147318
dizouar	0.19128
gwerio	0.243619
avat	0.0693275
klouar	0.278509
maez	0.397527
follez	0.260017
kenetre	0.83954
ijinour	0.503792
parti	0.297379
mann	0.477736
bezhinpese	0.245373
spegus	1
dijen	1
piltos	0.603105
fuzik	0.112585
kouzi	0.0484718
dinec'h	0.666667
flegenn	1
bouilhabouilhi	0.387109
orbabacho	0.382597
gas	0.472895
man	0.229474
foc'ha	0.304452
divaoue	0.0332015
Bazengibazenga	0
traoDoue	0.410953
diskouezadeg	0.948496
blondin	0.841008
Tunizi	1
bojouri	0.0570126
divugel	1
baltek	0.300765
koulz	0.48768
silienn	0.359658
diharak	1
tilh	0.318237
legumajer	0.441494
adjod	0.0769231
maiz	0.281226
klenk	0.684903
istrogellat	0.0818005
paournoazh	0.177984
stennet	0.34102
anin	0.135697
intavezet	1
bidiez	1
ked	0.0677179
flip	0.6622
mestrkeginer	1
bageer	0.666977
li	0.27856
douaramant	0.124892
ami	0.0396447
brakon	0.352537
didomma	0.330037
broder	0.28189
stalenn	0.677372
henthouarn	0.137767
mouchedenn	0.377616
stigenn	0.0108878
postkloued	1
didevidideva	1
dez	0.359402
boslagout	1
miz	0.327427
kammdro	1
genak	0.35139
roustad	1
krognet	1
trabaser	0.0562082
faroaat	0.314211
dizenoe	0.372917
disakr	0.156094
alfant	0.457933
flac'h	0.208047
maouta	0.203726
Ergohannlagadkah	0
glevezenn	0.0216126
diplomet	0.192278
gwall	1
dic'hiz	1
to	0.475537
all	0.399363
didie	0.110661
kesenn	0.110188
gward	0.0172299
tarzherezh	0.00898321
baramouchenn	0.510533
deuv	0.5
damserri	0.0735719
are	0.171743
lousoni	0.921183
dic'hout	0.395554
damc'hell	0.048107
goulennet	0.375525
bouc'ha	0.0194696
rastelldoull	0.830963
kantoni	0.0197346
awellforzh	0.183576
mathamatha	1
het	0.111585
fouezh	0.387439
tachouer	0.0694406
stard	0.142259
sutenn	0.461754
lodennvarr	0.111472
touneta	1
galleg	1
distumma	0.275986
dic'hloaz	1
rusian	0.630615
astribilh	0.969472
kastell	0.207644
kabellbadez	0.664677
bid	0.231513
gerz	0.321804
maladenn	0.476991
kestennad	1
politikajer	0.441494
breizhat	1
lartpik	0.333144
bouret	0.0467344
diherni	0.0180573
kalson	0.0201998
pegoulz	0.199898
d'arc'havelbadisiant	0
largentezus	1
diharak	1
portugalek	0.371673
diskoazell	0.971804
lentet	0.415565
digomz	1
saotr	1
disgraenn	0.0267746
fenestr	0.25485
didie	0.93514
krantez	1
teuilh	0.0119656
tie	0.297003
mouched	0.959329
milon	0.209152
satordienn	0.0676444
chaogell	1
kornial	0.31497
azevezh	1
kuita	0.109504
evel	0.07629
boulc'het	0.254005
touribell	0.791169
skoret	0.414561
divav	0.0530196
daramponti	0.784703
trea	0.351984
foutre	0.0226514
tenn	0.446515
ginadenn	0.267494
abennneuze	0.504645
roitd'ezanlammchoukebenn	0
get	0.584573
magnous	1
koutik	1
tres	0.578792
rabilhat	0.276895
blaz	0.0139337
pousenn	0.376077
braouac'het	1
lunvezh	1
peseliet	0.15326
ich	1
bremaik	1
delestaj	0.0102347
kildroenn	0.396737
linn	0.578518
becheg	0.245433
sec'het	1
skip	1
rouz	0.244738
gwrac'henn	0.0931062
bouklenn	0.355216
astenn	0.028955
kouzi	0.144047
moraj	0.253121
er	0.0353026
dispi	0.277946
silia	0.149624
krak	0.378945
ahanter	1
fouailhet	1
feri	0.377389
plasonet	1
didrugarez	0.0485835
dorner	0.345441
luez	0.507188
diouela	0.185036
mimi	0.201468
kazarc'henn	0.0182209
promesa	0.0288765
damleun	0.357879
diroudenni	0.347239
gward	0.508324
kopt	0.267937
goap	0.15508
drama	0.28988
stamouzet	1
sederaat	1
bak	0.435377
gwigour	1
telegraf	1
didarch	1
breugadenn	0.0416084
man	0.15082
daleer	0.0542437
ijinour	0.27638
bos	0.29124
gerz	0.314403
kouilh	0.0332087
maremare	0.0184523
feller	0.0676637
bourbouter	0.19825
bougre	0.107749
amgav	0.299844
pet	0.530738
moullboto	0.0367586
chif	0.21686
kinet	0.23987
live	0.264314
munuzerezh	0.00608739
dez	0.0165621
diouez	0.0198531
pragellat	0.00865597
laezhet	0.491614
dijoga	1
avama	1
butunfri	0.302996
pezhia	0.095781
lijer	0.0197027
beselier	0.0324912
dispenn	0.344553
driv	1
gouarner	0.975034
aziwardro	0.237801
tez	0.290273
gwenodenn	0.455538
bid	0.233115
chel	0.274392
dizale	0.354456
evel	0.631186
sakridigezh	0.730954
tout	0.450938
haderez	0.0311317
prigas	0.104289
avat	0.406738
triblidie	0.748436
hent	0.437685
dibistig	0.902814
tuchantigo	0.417106
moranv	1
kenstrivadeg	1
roega	0.140034
a	0.0952047
rip	0.61084
amaer	0.899889
skoutelezh	0.0128152
naergobra	1
Eflamm	1
dekoras	0.400346
divlaz	1
barrikad	0.282209
z'	1
krapinell	0.184846
diwezh	0.0585226
askavout	0.478563
korr	0.0254902
karenn	0.381399
nasket	0.0890417
koulin	0.289636
kign	0.221901
disimur	0.219022
sko	0.438779
foutre	0.627286
begad	0.0542054
sizhuniad	1
gat	0.269481
mate	0.348019
dat	0.215736
beiet	0.248773
lagouta	0.303111
plaen	1
dampret	0.314507
kelt	0.421506
koran	0.195641
dom	0.381912
posterezh	0.0171455
bodad	1
gotek	1
dilas	0.362522
brakon	0.0663017
lietenn	0.0315782
bojouri	0.0570126
flech	1
pavez	0.398233
meuta	0.219252
kanhadiskan	0.870931
bot	0.234858
diharak	1
divred	0.170079
modpevod	1
digor	0.142191
dadra	0.00431617
disakr	0.031224
kinet	0.19025
diostenn	0.0380035
distagadur	0.0243016
barrti	1
klouk	0.417393
teuilh	0.019481
koko	0.277075
kouzi	0.035558
fourgat	1
disklipa	0.0158953
ha	0.189904
badaouina	0.230469
stankenn	0.705694
imori	0.0455299
didal	0.0632224
krab	0.136027
adreze	0.443139
poazh	0.709803
ton	0.439713
diaez	0.231297
damnoz	0.343681
personkanton	1
douraerez	0.0248069
borei	0.215141
fedamdouac'h	1
gorre	1
daoult	0.382135
darlammat	0.306219
parchi	0.595515
gros	0.0124426
politik	1
liboust	1
alfet	0.278026
pichoneta	0.0353753
kammdro	0.103939
terchi	0.374502
diaket	1
soulbedi	0.547267
meneztan	1
bailhad	1
gwigour	1
avremanik	1
fonnapl	0.110343
sako	0.563616
rizenn	0.351846
diven	0.243478
disec'het	1
skeudik	0.734785
adreuzkaer	1
trible	0.28074
dic'haouet	0.636129
vot	0.25021
mona	0.703629
arval	0.356191
aheurtajahurtaj	0
loegaj	0.481167
evadur	0.290023
melenet	1
peurrest	1
avilvern	1
traouilh	0.313795
aezhennek	0.0278373
renket	1
mann	0.111526
dat	0.0816496
lipad	1
choflez	0.0279364
aou	0.275197
mailh	1
alouberezh	0.950205
rigadelli	0.0331243
platinenn	0.462812
god	0.198389
digenseurt	1
skavaat	0.24965
sabri	0.245518
anin	0.207624
koefblev	0.0212616
bouda	0.270169
dinaouenn	0.0411542
gwano	0.022282
oget	0.320909
abafet	1
peurgloz	0.864379
tiek	0.248519
tipedi	0.434228
fe	1
ez	0.0399129
gwevn	0.285532
friz	0.395488
aez	0.289794
ru	0.061362
lustrugenn	1
promesa	0.0269214
abad	0.0253551
pe	0.0572199
terez	0.066729
ofiseravor	1
sonet	0.288489
bleinerez	1
logell	0.877356
madedoue	1
bourc'hadenn	0.216723
kriadeg	0.662283
liant	0.582846
atom	0.363869
ezelet	0.219198
hirnezh	0.0928433
pis	0.429052
ablas	0.403721
dizon	0.903157
diroda	0.819656
bak	0.1
koaga	0.227581
kroaz	0.385871
ermeziadeg	1
difastet	0.402192
moullerezh	0.331283
silienn	0.314494
lodennet	1
disgwinta	0.639671
frikreien	1
komuniti	0.693336
siell	0.0416707
tres	0.436742
avat	0.351122
mok	0.347
pa	0.402212
patererpaterour	1
lotez	0.244188
koataat	0.186956
drailh	0.0117882
lennadeg	1
digompez	1
roueig	1
madelezhus	0.425284
drailh	1
digleuz	0.0329855
kara	0.148005
mererezh	0.822312
pastellek	1
lipet	0.351726
esa	0.0517088
pluvet	1
gargouilhenn	0.325129
krannek	0.345543
tana	0.528575
mell	0.443414
aleun	1
para	1
koachet	0.468465
Me'rafoeltrfout	0
dampret	0.610273
digouraji	0.208973
digaer	0.0444499
chaokatchaokachaoki	1
rigi	0.389714
ali	0.530569
kedez	0.147384
baot	0.167864
blej	0.446133
touerezh	1
dichastre	0.34717
gwalarni	0.0308142
adjod	0.0769231
mik	0.0569921
edenn	0.395651
foc'ha	1
savas	1
bam	1
divroat	1
kigninet	0.265273
difistoul	0.29573
ermaezant	1
dibouloud	0.966518
aou	0.397258
krvamm	0.140926
broadeler	0.973123
gouvezout	0.456619
faouter	0.662563
ploup	0.421378
fleurennet	0.963801
ez	0.229269
karni	0.290385
dimeus	0.011548
man	0.0997727
amzer	1
dama	0.00438978
bernmor	0.53498
krak	0.342391
rouzig	1
mestal	0.379743
kwir	0.0883354
lipouzenn	0.463246
laouenidigezh	0.745969
kalir	0.228881
fach	0.300014
palod	0.563353
goerez	0.235792
devererez	0.0456865
letonenn	1
koc'h	0.0410383
trac'hoantek	0.461546
bouzarenn	0.519759
pigell	1
god	0.440797
everias	0.0142482
saotr	0.122464
dichastre	0.299895
koc'h	0.227746
nazontealketenoc'h	0
bleinerez	0.0205012
karenn	0.295636
dez	0.0758451
muchamuchi	0.132971
toulla	0.228475
faro	0.218715
peurzihevelebi	1
kantad	0.206874
fourrad	1
aou	0.637123
timeur	0.160174
dihoa	0.0250261
kel	0.0403367
anglez	1
mona	0.0563412
balouard	0.0167211
hersalhersahersi	1
oufal	0.304428
plak	1
tourz	0.322606
souchenn	0.221982
mourn	0.00837362
saon	0.780068
tredan	1
savet	0.123429
diempennet	0.32065
lutun	0.535907
yec'hedouriezh	0.351186
adtrei	0.363411
termaji	0.31503
likenn	0.827746
skorjenn	0.287097
goaf	0.160104
kannereznoz	0.00389884
salmer	0.175056
dibouez	0.571429
kotoner	0.0384615
daoulinet	0.410272
terez	0.0910908
tilabour	1
ren	0.347706
kilheri	0.162455
difienni	0.140753
hantouti	0.0172349
mouchenn	0.973743
jal	0.118297
peseliet	0.131562
laouenidigezh	1
damhir	0.540527
riblenn	0.831123
touellus	0.667691
tromor	0.0177625
chaogenta	0.699271
diaez	0.028464
koataat	0.0330165
troet	0.262128
didalvoud	0.453626
moulo	0.327089
diser	0.0378384
difizias	1
aha	0.173109
andon	1
rata	0.388522
peurlida	0.0354447
abuziabuz	1
aez	0.403755
reizh	0.45836
abellamzer	0.542071
aleun	0.29447
lampraat	0.0320027
sklasasklasi	1
blechat	0.1522
ofisiel	0.381525
bouc'ha	1
derv	0.0252651
ac'haoliata	0.0282604
direnna	0.0337926
adwelout	0.550807
mougasenn	0.111758
firitell	1
dinac'h	0.211359
garegenn	0.130258
tiek	0.046933
rouzenn	0.531155
lakrip	1
l	0.0269178
bali	1
koser	0.0818245
takoner	0.418454
arzour	0.344172
promesa	0.603852
amport	0.291609
botaouerkoad	0.299879
kistin	0.233313
rouf	0.32882
mardomen	0.810298
difin	0.304114
apach	0.153792
difigus	1
merak	0.465601
sodenn	0.649593
kornial	0.0124258
pengennad	0.0143011
lanfre	1
dic'haouet	0.528441
tremeniad	1
flouraat	0.253836
loufek	0.598678
vit	0.5487
daoudammet	0.367879
divrazadivrazi	1
kasta	0.367879
dismantrer	0.128592
ezelet	0.060095
diskorda	0.025807
megod	0.417488
nouet	0.20033
wardrev	1
savenn	1
selltro	0.589078
fidam	0.433755
fosier	0.587123
ahentadahentado	1
izelaat	1
eskobiezh	0.382808
peurunvan	0.719171
korr	0.0360009
kampou	1
blonteg	0.00931362
amport	0.268253
eunan	1
oufal	0.322655
krabanaouek	0.514034
objektivel	0.464404
muntrerez	0.0489255
lorbus	1
disaezhi	0.0135564
leani	0.398394
diharak	1
peurvouga	1
daskordakor	1
pennfollerezh	0.407232
Even	1
digrota	0.880606
klod	0.4334
arenket	0.952029
ribin	0.782411
dic'harzhadur	1
romanter	0.49871
maenhigolenn	0.221175
bog	0.0881641
tommaat	0.274691
askre	0.941161
dirabas	1
koc'hennet	0.159299
str	0.316756
toulla	0.255252
gros	1
arian	0.239962
laezhdous	0.121159
dibesket	1
bouta	0.292281
poblad	0.169755
marka	0.221485
karenn	0.946312
dilabour	0.916667
salead	1
mourouzek	0.034793
koaniakoagnikoana	1
latinek	1
souezhus	1
pechero	1
glizhaj	0.0100221
adazeza	0.0218276
mazaouet	0.159181
droukskoueria	1
taper	1
gos	0.0674832
nijerez	0.0317565
ali	0.280214
pout	0.649804
pezhia	0.156317
keitet	1
soutilite	0.0241547
kerentaj	0.158401
distager	0.938575
kel	1
laezhet	0.0160616
superstision	1
geltad	0.423743
alargentez	0.0110111
straker	0.412045
gaouierezh	0.69994
dilazh	0.646694
mil	0.331966
kofilis	1
kaoc'haj	0.00664556
aou	0.208673
kastell	1
didorta	0.879673
aeno	0.173554
torgennek	1
diodez	0.708093
mailh	0.352195
chal	0.179754
dered	0.309771
karni	0.158197
abeadra	1
teal	0.359005
brein	1
amlez	0.313733
gast	0.396939
per	0.236857
pilhoter	0.0909979
korneg	0.0290752
aren	0.29791
roulouerat	0.941004
adroc'htaol	0.651145
divrezhonek	0.324257
morvor	0.22054
ekil	0.173556
diboell	1
dirabas	0.297092
ankoua	1
lenn	0.0261635
skip	0.261443
adro	0.364066
gwano	1
chargwinhoc'h	1
garveta	0.340979
foec'h	0.157232
para	0.35215
kel	1
ten	0.255106
kornzigor	1
andon	0.329535
avegad	0.054424
seul	0.52085
chilopenn	0.680781
pourset	0.290254
adkarout	0.388205
rog	0.327417
ablas	0.338645
entanet	1
krachhouarn	0.276799
part	1
devedenn	1
moust	0.441633
erez	0.0135843
teut	0.310514
mindrailh	0.190845
all	0.0541903
roz	0.249404
dic'harzha	1
houbet	0.372356
radenbleiz	1
anizet	0.0312175
arelegezh	0.173592
lanngor	0.0785698
peurunvan	0.250781
kost	0.557232
mouger	0.363849
voter	1
renevezi	1
marmouzerezh	1
goueliadenn	0.473006
mestal	0.0149872
roz	0.470123
amsklaer	0.363999
garveta	0.0281984
paelour	1
ampar	0.92696
Perwenaniz	1
borb	1
levenn	0.0161467
ludueg	1
stonn	0.108805
digredenn	1
izelaat	0.167431
koarenni	0.0358368
bailhez	0.255551
fok	0.296721
politik	1
aliv	0.156524
maez	0.636283
kammdro	1
sikore	0.0140518
poum	1
dic'hailh	0.370631
diorbid	1
faenet	0.0134115
skarmotal	0.438495
esa	0.0512783
harpaharpi	1
titouri	1
wareeuntenn	1
emsikour	0.132146
kas	1
bam	0.396773
disotaat	0.0820827
houi	0.375967
ali	1
koulin	0.893794
koferasi	0.537783
chingailha	1
didrubuilha	0.476251
glasteri	1
las	0.666667
bernmor	1
ros	0.524367
roz	0.470123
Sina	0.217887
dilloaat	0.0189243
ouf	0.321984
aboell	1
azrek	0.489553
ramplus	1
warnestost	1
tennded	0.258788
freiz	0.371818
drag	0.5
preg	0.120481
samm	0.539918
tete	0.157672
korr	0.237053
freiz	0.595515
strak	1
jaret	1
diwez	0.493915
berjinez	0.0454098
dic'hout	1
pitouch	1
azerez	0.0355389
friz	1
turierdouar	0.928261
takebien	1
troet	0.48534
do	0.374623
peka	0.455072
kosteziet	0.140228
z'	1
deil	0.332603
test	0.289857
dibaiani	0.077131
dornet	0.951692
prest	0.986348
kataflam	0.720256
feller	0.369512
skavaat	0.198022
komod	0.482096
adruegezh	0.134943
truilhet	0.281255
kabanou	0.364145
dirennet	0.582907
rez	0.0929597
ha	0.588899
tie	0.25693
lore	0.409523
diandella	0.0534084
dibleg	0.254728
gorre	1
peurnevezi	0.025933
c'hoarzhadeg	0.886096
oglenn	0.5
peurzistaga	0.739154
dihala	0.265099
lodennvarr	0.0975681
jamezenn	0.426645
fok	0.366468
skod	0.640582
Heodez	0.496084
dalc'has	0.0121188
dilontretdislontret	1
distradet	0.324994
moullerezh	0.109267
borb	0.328827
er	0.114698
eunan	1
oglenn	0.5
diroll	1
tadpriol	0.399437
maredavare	1
balizenn	0.240392
touellus	1
charn	0.0990368
steredennet	1
tennaj	1
karrnij	0.290859
stroll	0.254953
labanetez	0.004623
dourvenerel	0.5
reveulzi	1
forn	0.286732
brochenn	0.964767
lamperez	0.00448776
ladur	0.387392
poz	0.238386
resever	1
gos	1
all	0.149861
marc'hpaotr	0.628579
lastreg	0.472079
morleva	0.245024
peurgloz	0.657398
dihiliet	0.278413
lenn	0.19653
lorber	1
diret	0.310885
toulla	0.27345
daouhanteret	0.338018
rizenn	1
morenni	0.328668
amzer	0.233228
gwaskennet	0.752224
Youenn	1
koach	0.196537
beajourez	0.362889
ober	0.262416
glis	0.429164
kinitervezedkompez	0
pezhc'hoari	0.476383
tredan	0.07019
merameri	1
grez	0.0336743
plouf	0.148673
diroufenna	0.179453
mac'het	0.0155338
filimi	1
goursezal	0.00987128
stouv	0.463237
astenn	0.151845
gorre	0.305921
astennet	1
glazur	1
uz	0.524829
aha	0.223649
adaolsur	1
brusk	0.67881
peurzeski	1
hoc'hkoad	0.118919
kengav	1
imori	1
se	0.624608
bambocher	0.671376
strak	0.25985
las	0.226506
skavadurezh	1
botourkoad	1
morailh	0.341934
ran	0.293445
daonenn	0.0140347
ami	0.385574
arval	0.342666
rizenn	0.351909
dic'harzhadur	0.761902
darbodi	1
gwev	0.187349
gwall	0.5
gloria	1
krenn	0.119441
kompez	0.170396
uz	0.584586
kraoeta	0.264051
darempreder	0.241689
arc'her	0.0926447
maneur	1
spiser	0.727114
divreizha	0.476474
gortadenn	0.387324
divroat	0.563064
amparfal	1
ebeulez	0.703517
digor	1
asiedadasietad	1
avar	0.0240679
lotez	0.120264
papuruz	1
pesketaer	0.0564462
didal	0.325862
troen	0.57625
gresaat	0.367879
anderchenscarlatinn	0
koataat	0.0819837
liammet	0.386196
modesti	0.022989
damouez	0.0103975
paotretarC'huzHeol	0
kara	0.317355
drouklamm	0.296186
plaou	0.879077
adrei	0.921503
arebilh	0.0154663
moustig	0.294363
stoc'h	0.309339
divleupa	1
priprad	1
kign	0.645636
galleg	0.531668
polez	0.109032
tigwerzh	1
pinijenn	0.717801
roulerez	0.959879
bak	0.1
diwezh	1
lustrugenn	1
gwragellat	0.0244377
aren	0.0696548
dat	0.0378824
dibouez	0.571429
distran	0.166051
sivia	0.257047
diferadenn	1
pa	0.416089
pluerc'h	1
eno	0.411063
amparfal	0.214105
avalpechez	0.0622855
dizanavez	0.319703
maenkorn	0.368576
rata	0.27668
baot	0.0104557
lafourieg	0.0136831
er	0.0696352
istrogellat	0.106497
redadeg	1
adjod	0.0769231
divent	1
revorenn	0.0223754
dirodell	0.060248
karot	0.339462
depech	0.719171
begchopin	1
meinet	0.20204
diskampa	0.281887
diskosa	0.221969
lennet	0.12681
torchennet	1
berber	0.0448894
tuta	0.567536
c'hwist	0.0989416
diherni	0.703486
razailh	0.00601541
sailh	0.165772
skuizha	1
ner	0.124108
aren	0.311146
entiza	0.238922
diskoazell	1
pigell	0.0394979
galjor	1
peilhenn	0.0111624
kouskaat	0.124097
lennet	0.362401
matematigo	1
nerzhkalon	0.539481
lentet	0.0404608
peurechu	0.0922918
kaekal	0.0436612
ebat	0.269969
distan	0.657398
to	0.382548
karenn	0.0250801
libistret	1
blechoni	0.0230315
kerterius	1
glaverez	0.0105048
meme	0.335169
pagan	0.0364324
taok	1
peurgloza	1
diamant	0.236718
gouzer	0.073356
falc'hadeg	0.580824
jeun	1
savadenn	0.793415
kambrad	0.0839911
tasad	1
amaer	0.100977
millig	0.216916
ali	0.283146
lammpenn	1
dinde	0.188487
bevbuhez	0.140413
tamall	1
koataat	0.0712432
beogal	1
patererpaterour	1
semoul	0.594061
asas	0.286065
batorellet	1
teut	0.256041
inkane	0.406569
plataj	0.387457
bilh	0.00919439
kompez	0.384344
stonn	0.022592
drop	0.323026
brete	0.0191975
gwezennad	0.0351299
abare	1
dez	0.0765797
krak	0.084175
blondin	0.0218757
maenagatez	1
arteziat	0.0142142
dichas	0.194085
pavad	1
klav	0.302544
moudenn	0.202333
astuzet	0.145624
pellenni	0.0309355
tout	0.971852
divolontez	0.0391746
laer	0.356457
relez	0.166884
gouez	0.602929
Mon	0.477174
flat	0.200737
divegas	0.0111481
digoumoul	0.902206
baduellus	0.00695319
dijen	1
prigas	0.104289
kafr	0.312898
avat	0.26507
kampou	0.266723
plat	0.324281
lezdavont	1
dourbil	0.250264
led	0.381603
dadra	1
ami	0.573112
glazrev	0.357987
tapet	0.30082
kel	0.167144
avieler	1
keltiekkeltek	1
oglenn	0.0258015
sebezenn	0.184069
viatik	0.688848
entanet	1
mammgozh	0.380132
fedamdouac'h	1
digor	1
fourenn	0.0166009
bir	0.0298627
kolera	1
baionetez	0.411208
mitennek	1
levenn	0.0161467
skragnet	0.30904
dekori	0.250261
ekonomiezh	0.468421
tez	0.25269
gast	0.23038
kamm	0.3193
ambulaso	0.32897
amzer	0.345777
gos	1
klei	0.149308
komzenn	0.0892778
kofellek	0.654896
medita	0.443241
dislotetezaoulagadgata	0
istrimant	1
poazhadenn	0.384537
savenn	0.438309
piladeg	0.214887
chakot	1
doublediou	0.484795
troet	0.500801
pevod	0.578172
dizeuredi	1
skilenn	0.0225268
soubig	0.65407
taskagner	0.0212651
lenn	0.38997
satordistac'h	0.82792
aleizhkorzenn	1
fret	0.299113
touer	0.0443692
gwragellat	0.0706333
c'hwiltouz	1
dibeilh	0.718449
saourapl	0.168731
pepe	0.48818
saperbie	1
diavaezour	0.0158964
liant	1
terez	0.0318605
peuraoza	0.39503
radio	1
born	0.0544345
boulderv	0.408107
fardaj	0.399099
kraokokoz	0.300736
dozv	0.250677
rezi	0.2177
potour	0.266972
to	0.241847
kel	0.0907481
razhkoad	1
doc'h	0.424273
mesk	0.291501
ros	0.442812
kammdro	0.175195
barzenn	0.195126
goursezet	1
dizenoei	0.112487
lagan	0.218573
poan	1
sonet	0.0183883
libell	1
nouet	0.511463
rampla	0.792996
maraonik	1
dichifi	0.675337
bindall	0.011647
taosi	0.290655
peseer	0.168202
Jude	0.308573
resti	0.138588
falskredenn	1
daon	0.0612102
kouskaat	0.249347
gwalc'hkalon	1
diret	0.134014
nevezhav	0.00832729
savenn	0.824528
bugulsaout	1
eeuntenn	1
lipig	1
loba	0.24058
turlebani	0.282535
restenn	1
likoez	0.0299671
dirennet	0.047816
divodest	1
sil	0.666667
raspi	0.0423468
mester	0.137601
bidanell	1
chaoker	0.200886
diboania	0.372121
burevbutun	0.236993
louedenn	1
Skorv	0.0232334
pennbazh	1
ac'h	0.292341
pipad	0.309608
digleved	0.107173
boslagout	1
mitennek	0.774484
erbed	1
begad	0.260691
perager	0.0874001
gourlonkus	0.0287772
rost	1
pout	0.0288992
skladenn	0.394609
stignet	0.231264
kasta	0.4803
stonka	0.961933
divaoutet	0.450907
krabis	0.67881
chikolodenn	0.401312
broc'hadeg	1
askonta	0.364723
daoubenni	1
ali	0.0640222
gouzer	0.0784273
komzenn	0.148526
peurderri	1
dizouea	0.425325
sakr	0.363826
hopalhopahopi	1
biou	0.222711
digav	0.0290059
eiler	0.0461694
gwanaj	0.012634
ali	1
gaoliek	1
skarzh	1
harpaharpi	1
dihoa	0.0409108
voterezh	0.0974669
kad	0.297588
pich	0.515251
krenn	1
pezhia	0.0260342
debret	1
germanek	0.411802
reizh	1
unaniezh	1
boulouardad	0.969595
krennhakras	0.0178891
blazenn	0.440513
pater	0.215553
hoc'h	0.501816
dornet	1
minet	0.395118
dizeri	0.0443919
bon	0.403889
kegeliat	0.0251729
torchenni	0.836434
prei	0.224595
lenn	0.379476
to	0.536375
amparfal	0.275756
drama	0.336759
reg	0.015839
drag	1
kordennad	1
turmuch	0.317816
mant	0.294721
krever	0.0700471
boud	0.0359615
sonet	0.0467434
avegad	0.054424
riv	0.194728
eno	0.293211
adrainvat	0.00507513
kerzet	0.286441
gouez	1
punellat	0.628914
tumper	1
azlenn	0.112837
baramouchenn	0.510533
arc'houzougal	0.876554
trouienn	0.0242108
meneztan	1
dired	1
las	0.509563
flav	1
rusian	0.630615
areziad	0.247009
pura	0.0857215
diouez	0.0215047
amaer	1
treuzeurel	1
disouilh	0.486292
divav	0.0101434
diser	0.0378384
tie	0.405822
a	0.0632252
dekoa	0.709664
koll	1
marventez	0.646958
faouter	1
eurvezh	1
jal	0.21572
dihala	0.734745
kigninet	0.203545
tout	0.485533
bouret	0.666667
plat	0.117088
brozhiodanbrezhierdan	0
dibae	0.457071
biou	0.454748
hent	0.583622
diblusket	0.594061
abepma	0.388247
peurbare	0.0182269
doustadik	1
sklisaoui	0.784471
rouzet	0.675239
ahe	0.401407
divreton	1
bageer	1
gwenegan	0.0893066
spouronet	0.936919
truaj	0.278881
kotoner	0.0384615
avei	0.335543
mant	0.283684
dibried	0.302569
amzeri	0.813997
digoev	1
goafer	0.206096
anouedet	1
mename	0.189308
Ildud	0.367879
sukraj	1
eben	0.0959658
goerez	0.03325
koferasi	0.0194054
pesk	0.280756
beajourez	0.30291
ez	0.0193484
suner	0.707818
adro	0.603755
disgwalc'het	0.366913
flut	0.650959
disgwenna	0.51481
spegus	1
gos	0.0891983
chal	0.1882
andoniet	1
mik	1
divegas	0.8419
mudet	0.265626
krouma	0.130822
peurc'hraet	1
locha	0.892913
glazeri	0.0213211
toniet	0.0740255
aerlestr	1
pokez	0.0492425
arenket	0.952029
adwel	0.0394752
digarantez	0.0627996
dic'hoarzh	1
diankajo	0.0701228
perager	0.0360704
pario	1
ali	0.374181
garved	1
devezhiad	1
tez	0.478108
dizilhad	0.228021
eno	0.368511
lentet	0.283416
amiot	0.51621
koant	0.0201066
moc'herezh	0.782844
leurenn	0.0777123
choc'h	0.111139
kerzet	0.524088
tourked	0.158629
c'hoantaenn	0.142286
gwignqalhadiwignqal	0
direnna	1
buch	1
mazout	0.201919
difrom	0.0823476
gouez	1
soniri	0.416538
santelaat	0.239558
se	1
kretet	0.225101
peurzigeri	0.2002
fiskal	0.322059
koller	0.0971508
dic'hlanniet	1
dihellet	0.487399
dizampled	0.186175
sorennet	0.714887
ae	0.514418
fe	0.326039
laezhet	0.0702147
diskodegi	0.0172265
dispar	0.421111
gar	0.111009
isplika	1
dich	0.558001
par	0.149702
choulaz	1
tazenn	0.236725
kreiza	0.378556
germanek	0.00677805
gotek	1
isita	0.196594
Nonna	0.198626
nez	0.450977
trest	0.985001
munut	0.280898
dilloaat	0.0243526
diremorz	0.00939192
endervezh	0.176394
mona	0.0723345
rouf	0.42204
loch	0.222404
talad	0.156014
unyezha	1
amboubal	0.79599
dizon	0.437489
gourlamm	0.239875
ekevret	0.681328
peurbeoc'h	1
harpaharpi	1
blank	1
feal	0.493873
stonn	0.0326927
trist	0.542751
skuizha	1
chaltapis	1
drevez	0.0708371
beogal	0.0457183
blank	1
lerbajlerbiaj	1
flua	0.528173
diempret	0.305892
ekuit	1
satordistac'h	1
entanet	1
eno	0.170011
chalboter	0.666977
dama	0.313527
kizakizi	1
divrudet	1
tennaj	1
borb	0.242202
lipig	0.281408
adorimell	0.501208
leurenn	0.0359314
sutellasutellat	1
strimp	1
taok	0.438203
wareeuntenn	0.0371783
sero	0.389497
gwallbedenn	0.349836
ac'haoliata	0.311025
mant	0.199874
ave	0.439342
yac'hbeuz	0.643104
arab	0.30466
bot	0.295212
pevarenn	1
garved	0.66516
led	0.0885172
termaji	1
oglenn	0.163308
katedral	0.810441
dis	0.826975
dich	0.694942
dilaza	0.333391
adro	0.267283
pizeg	1
prada	1
spont	1
divrezel	0.973488
difeti	0.675523
tiek	0.031189
amzeri	0.0721959
divoull	0.232381
friz	0.624756
skrivadenn	0.785024
bot	0.145026
divalvennet	0.339358
mouk	0.029385
dispontet	0.367879
kristenezh	0.0144151
mellad	0.35758
ez	0.0495645
doug	0.249108
hemolc'h	1
savenn	0.137948
bouskenni	0.146033
chal	0.127635
pa	0.603026
torrrevr	1
brae	0.826559
as	0.398334
klouaret	0.102835
dispont	0.448378
garegenn	0.54907
madelezhus	1
santual	1
terenni	0.0723998
bourd	0.0840754
kaerbezh	1
drailh	1
gerz	0.314403
goerez	0.0582395
divot	0.741092
mevez	0.248613
godin	0.738782
daoubenni	1
sabati	1
troet	0.166268
kamm	0.381116
kalir	0.195838
kas	0.282469
pennvaoutet	1
dizouea	1
diog	0.177068
kizakizi	1
mall	0.243045
seul	0.52085
str	0.317082
divrezhoneg	0.76294
kaergeno	0.414064
kompez	0.24093
kulasenn	0.645309
postkroug	1
difouge	0.484892
chourachouri	1
fidadouenn	0.205887
kroazer	1
rog	0.316683
emdouell	0.0247874
damsklaer	0.175268
farienn	0.489906
asas	1
emgar	0.471606
fez	0.354798
asion	0.207003
adsamma	0.365985
chintra	0.961881
plaen	1
diroudenni	0.188042
aotroumobil	0.16586
divacha	0.0892493
gwiv	0.245374
klouarigo	0.0380289
santelaat	0.22174
moc'haer	0.600074
rastelldoull	0.830963
jastra	1
koko	0.423087
brall	0.602929
taok	0.09087
lore	0.39674
dilaosk	0.253524
terenni	0.0723998
fidam	0.464169
plasonenn	0.23254
bouruz	1
adres	0.253158
pipad	0.530192
flemmet	0.214824
vaganet	1
disturia	0.607257
difer	0.126965
stik	0.306891
dispar	0.159821
alkool	0.310015
droukSantVode	0
logell	0.877356
fouilh	0.328939
kroazed	0.629209
peurechu	1
milad	0.328915
voulouzet	1
taki	0.499064
laer	1
digoustias	1
divav	0.0101434
amzer	0.467278
mouzourdenn	0.5219
gwelapl	1
fazier	0.538906
per	0.123804
forn	1
likoez	1
lip	0.483615
koant	1
hage	0.104859
gronner	0.0268171
erminiget	1
pato	0.247659
brog	0.482092
amzer	1
pellenni	0.029466
luduholen	1
bra	0.0297057
pourvezerezh	0.0117336
divenn	1
chouch	0.632523
gar	0.441016
er	0.0154284
hersalhersahersi	1
moroniour	0.0670017
dismantrus	1
afuilh	0.444342
finnek	0.27381
afednoz	0.443281
traoDoue	1
bon	0.395771
divastar	1
kas	0.248862
dat	0.0457859
tintina	1
lrennet	1
digripon	0.842249
poum	0.261129
kelt	0.193924
rabez	0.6
askloedennek	0.0334634
kod	0.337441
flav	0.464946
uhel	1
diankajo	1
maengris	0.348901
garbedenn	0.676667
mut	1
fraojal	0.192008
kailhenn	0.689435
paredad	0.409265
kaoleg	0.690175
liboustenn	0.722642
amport	0.24513
karrtan	0.0896683
fok	0.207173
freuzafreuziatfreuzi	1
tommhatomm	0.381926
chas	0.216621
bilh	0.418084
kalir	0.0203038
digig	0.388244
douarenn	0.696619
dilovri	0.029075
adizhhagadag	0.22601
asteud	1
treizhadenn	0.0318831
gouilMariaenAvent	0
distan	1
pizhhapizh	1
apell	0.223282
koltaret	1
grojet	0.126456
dalet	1
klouka	0.112757
seit	0.33714
moui	0.21615
taolenni	0.127081
seblant	0.38143
doublevio	0.698663
man	1
doan	0.36766
poch	0.206626
miget	1
chorennet	0.17228
rivinet	1
fiskal	1
politikel	1
ruseg	0.187389
fidorienn	0.820767
gouelMikaelez	0.0792296
bir	0.2
danterezh	0.0248805
all	0.129153
apresia	0.0367822
oanez	0.239456
pempenni	0.408422
korvigellet	1
begedog	0.527357
sed	0.00903402
derv	0.014169
laoua	1
tor	0.383591
damguzhet	0.398878
protestant	0.770377
digig	0.388244
penek	0.960679
amguzhet	1
bannkroaz	0.705895
yaouankizo	1
rodell	0.347898
afas	0.3393
flouraat	0.0809245
kroazer	0.0290666
letonenn	0.864371
gan	0.23325
tiek	1
morziad	0.0692856
gwenodenn	0.662937
miaou	1
gward	1
fonnapl	1
arvellerezh	0.0661306
rata	0.244339
pout	0.493584
distrap	1
frammet	0.273947
truilhennek	1
gat	0.585646
izel	1
kouskaat	0.249347
roega	0.230864
divreton	0.600216
pourenn	0.0894939
herrder	0.0285882
davete	0.0171287
takon	0.535389
diempennet	1
gwallskei	0.279285
tranket	0.374782
hewerzh	0.0220981
asiedadasietad	1
aoter	1
sevenn	0.301064
tadargaouargevier	1
korr	0.0327232
Yaou	0.275862
derv	1
dic'hoarzh	0.0850443
tadpriol	0.474848
rederbro	1
krapad	1
mekanik	1
tabok	0.637776
tonigenni	0.0931267
mant	0.16927
tor	0.0876407
brabaser	0.982257
difoeltr	0.12033
goudorenn	0.453702
disec'het	1
er	0.469094
skuizh	0.1803
eilskrid	0.476497
brell	0.0234292
skuizhadenn	0.846549
latreilhenn	0.748877
lezireg	0.754517
pegoulz	0.252025
flammin	0.0980894
plaen	0.245458
teut	0.361236
warnestost	1
potarni	0.263855
eilkosha	1
moraj	0.298247
adjod	0.0769231
int	0.0750555
enkrezi	0.28967
torchenni	0.799764
avegad	0.5
taolenni	0.00724302
arc'her	0.263313
pikolenn	0.0112961
kotoner	0.0384615
l	0.311256
tredan	0.470382
avank	1
chipot	0.523412
distal	0.0242879
kafeta	0.409206
taer	0.492228
kantad	0.0670906
diavaez	1
foc'het	0.39666
poellus	1
blaz	1
diouez	0.012284
fourrad	0.236791
pozet	0.238325
didal	0.407422
kelennglas	0.0114562
enkrezi	1
diskonter	0.402192
gat	0.3797
yen	0.265497
goulennet	0.144603
azerez	0.311593
skumennek	0.0218611
taos	0.201781
diser	0.0378384
galoch	0.224903
boulc'het	0.0754795
diamen	1
flac'h	0.52398
red	0.382718
eunan	1
tardet	1
bremaik	1
eskumunuget	1
adaol	0.129016
ampar	0.77534
to	0.303816
dichak	0.292984
neuc'h	0.229721
saotret	1
penndreuz	1
amzeri	0.152224
broc'h	0.978191
moullerezh	0.0202854
kembraeg	0.072677
pres	0.29104
maredavare	1
dispak	0.430421
disakr	0.58232
prederenn	0.73132
tiek	0.472756
diandon	0.0340124
kouarz	0.0629454
seller	1
didie	0.310621
dizellez	0.0855461
parti	0.594449
skorz	0.945701
damnoz	0.535833
faro	0.211805
divell	0.285092
fran	0.140791
diembann	1
touerezh	0.820949
sonerezh	1
plasonet	0.00845765
sikoursikouri	1
engroez	0.587018
kanoliadeg	0.793002
loudouraj	0.00827586
futet	1
kavanus	0.57313
galos	0.576753
diezhomm	1
luziadenn	0.461135
sas	0.909466
moulleg	0.33687
koadad	0.973158
koublad	0.0111266
mac'het	1
dadu	0.465255
blank	1
devedenn	1
disk	0.0420737
loch	0.359666
kannder	0.0253988
paotrmaler	0.288832
patronaj	1
mojell	0.354426
mintinvezh	0.665041
mammelezh	0.235255
er	0.114698
panermalestra	0.215497
tadpriol	1
machete	0.288528
askre	0.280767
eneel	0.335149
astribouilhstrabouilh	0
komzenn	0.542366
abellgozh	1
adjod	0.0284986
milinnizat	0.224378
forn	0.25892
Sulouel	1
bam	1
ali	0.346639
gorilh	1
gast	0.122459
plaen	0.0421424
dilorc'ha	0.244228
ostant	0.237195
andonier	0.0315872
mererezh	0.0564937
barbar	0.0267205
dop	0.517873
fidam	0.429754
frenestr	0.179116
peurvad	0.511146
flabach	0.0183764
skora	1
bernkroaz	0.0142366
urupailh	1
koachkoukoug	1
diakr	1
feri	0.469171
ajina	0.207725
difoura	0.12696
renevezi	1
adpae	0.301174
brall	1
re	0.394557
mann	0.270319
glav	0.155563
yen	0.195947
brezeliad	0.0208178
boulom	0.390707
drebiou	0.530349
bali	1
gwisou	0.329463
brema	0.232975
kuzhiadenn	0.224421
blaz	0.542198
tadarpec'hed	0.143637
afas	0.242584
skalfenn	0.0372747
kammichal	1
daskordakor	1
pourenn	0.025653
ez	0.118641
diraj	0.336523
lidus	0.503156
dibrenn	0.242091
ribin	1
ne	0.46523
ruseg	0.0730271
mestrezskol	0.440149
mann	1
asavtaol	0.0425309
gar	0.0747651
amzer	0.107435
penent	0.961298
kroaz	0.216965
miz	0.371471
moset	0.250011
fourgasi	0.334555
flua	0.475414
glazur	1
milad	0.747223
krabani	0.172018
arummdarumm	1
ratiko	0.0501847
tarlasker	0.947929
kac'hart	0.147475
toupin	0.76306
amskav	1
abare	0.03618
wardreuz	0.321442
ampar	0.348328
genak	0.22296
Satordallikhapluskdero	0
peluz	0.228365
gwasket	0.817204
madedoue	1
marrer	0.0588406
terez	0.0318605
didog	1
dez	0.0765797
dat	0.301469
faenet	0.26999
evitdoare	0.632868
lichet	0.641313
brein	1
kafeenn	0.290707
dirennet	0.244221
ampoezon	0.0881554
torchenni	0.140355
trederenn	1
adveva	0.427009
morzin	1
chav	0.00702652
bilh	0.56892
glav	1
bernkroaz	1
paotraraok	0.00855907
sec'het	0.413278
flua	0.180204
marvailh	0.308298
blod	0.355377
elvennek	0.325461
douarenn	1
fornia	0.396224
bakul	0.0630078
dudius	1
dilaza	0.422459
stank	0.401327
stroll	1
houi	0.403659
baleg	0.0662889
koachet	0.0178341
broder	0.404533
kutuilher	0.591405
pichota	0.336791
morgan	0.944163
kadraner	0.0403737
diouela	0.0104891
plak	0.35059
esa	0.0472231
beullen	0.184999
mout	0.491385
andellad	0.757599
romanter	0.375213
pant	0.114032
dizoan	0.476081
mellad	1
resti	0.0346372
rampla	0.416804
semoul	0.608432
digoumoul	0.363944
begedog	0.590569
tadpriol	0.474848
haderez	1
stalenn	0.037174
tev	0.333324
ambleudi	0.145074
sac'hnouenn	0.553324
gwaga	0.467573
lesaerezh	0.154669
toutek	1
va	0.35139
kav	0.190894
dat	0.0254584
saotr	0.276439
floup	0.148607
cheta	0.127051
kumun	0.318965
terez	0.083122
trucha	1
dremmsellout	0.521098
astizerez	0.134611
taolia	0.923712
kantenn	0.0683531
kasta	0.367879
bizat	0.0181067
mename	0.282381
pinijenn	0.932944
minet	1
Jude	0.177178
anaoudeg	0.0194465
peurgloza	0.203072
bucherkad	0.330774
koefplaen	0.177574
choj	0.145866
sosialist	0.277128
maenevor	0.0167926
do	0.0291433
astroll	0.337826
asion	0.04318
chukat	0.1037
ladur	0.298808
skarp	1
pil	0.333119
flaer	0.161823
aziwarlerc'h	0.191262
biou	0.367879
houstet	1
astroll	0.32127
dironnadirounna	1
pimant	0.412819
kel	0.0907481
poloniat	0.917808
uhel	0.447914
feur	0.598414
spev	0.0625381
milina	0.261759
legestr	0.282323
echuadenn	1
klei	0.575003
klod	0.177267
splannder	1
dialvaoni	0.275571
strakvourc'hiz	1
romanek	1
impier	0.0998876
amiaplded	1
pistiga	0.0325724
puchet	1
andouv	0.646958
kigniz	0.189606
karakter	0.32465
ardanti	1
dihosterezh	0.0402457
divadin	0.553519
pemoc'hez	0.430095
taok	0.168051
mousklemm	0.745206
abempenno	1
arouni	0.101058
str	0.364885
gar	0.0551145
tilabour	0.145028
gazet	0.0241497
gast	0.351154
chasplouzchasplouzed	0
dat	0.0457859
dourega	0.0323816
meudameudi	1
dourdiwan	1
daonik	0.919103
meneztan	0.203844
peurgloza	1
moeltr	0.439269
plaen	1
magrellet	1
paeet	0.342702
diastal	0.229451
pezhia	0.321462
dilovri	1
arsodi	0.0329907
pelerin	0.441738
sabri	0.245518
dibunerez	0.127634
lierenn	0.0472944
hucher	0.719822
troaze	0.00962658
kevella	0.749484
saller	0.180034
dilavet	0.367977
treuzitreuza	0.130186
digarezer	0.2
sik	0.0899311
rodell	0.0499356
pounneraet	0.35281
dizurzh	0.60611
avelouer	0.237257
patronaj	0.456557
bilhon	0.929706
bojouri	0.587586
koataour	0.01483
bailhad	1
treuzeg	0.0193712
vodka	1
prezida	0.178781
tammhatamm	0.191767
impier	0.357103
fachamant	0.182749
erienenn	0.113057
daoudammet	0.446814
diharak	1
heskenner	0.273243
ner	0.0274586
dizall	0.333658
gaoliad	0.348207
brein	1
drailh	1
prada	1
klod	0.0341892
botezchoukenn	0.265659
er	0.0321739
digoust	0.988511
diorbid	1
savet	0.276011
posin	0.277044
bekilh	1
mimi	0.0239643
termaji	0.693336
klimisia	0.0180198
adstarda	0.581262
disrann	0.372121
anellek	1
gast	0.351154
chaokatchaokachaoki	1
Sina	0.286828
falzaotenn	0.340098
aez	0.0838201
karot	1
anell	0.429086
aboz	0.29055
laerez	0.489837
archedet	1
gougana	0.0767163
danterezh	0.0143014
adeod	0.428169
maol	0.0591061
mallozhtouenn	1
diskoilh	0.0670589
brein	1
damouez	0.0324239
kafr	0.248601
likenn	0.0725178
amzer	1
adveza	0.517509
ru	1
tres	1
kakac'hig	0.67764
keltiekkeltek	1
koant	0.0306955
klenk	1
ali	0.0604576
satorderv	1
divourrapl	1
difall	0.125
kign	0.374678
mousklennet	1
mall	0.322592
avat	0.255037
daoubenni	1
pozet	1
noter	1
adkarout	0.254236
korfadurel	1
adskrid	0.314691
geriadurour	0.0140297
rezi	0.389007
lezverc'h	0.434951
ru	0.515217
ezevi	0.00474554
sabadac'het	0.758257
tosel	1
feka	1
mimi	1
taskagner	0.0212809
Lavarenngouzisplega	0
korr	0.186084
touller	0.0656215
adouilha	1
ergan	0.262549
troadell	0.0264652
va	0.379284
brusk	0.838387
bouloutenn	1
ragout	0.32624
maez	0.161535
hivizenn	0.423912
polis	1
berloat	0.0506772
ac'h	0.186911
sanko	0.00410368
adro	1
mouchenn	0.295271
eeuntenn	0.272996
krapad	0.147766
adjod	0.0769231
keut	0.369986
skingomzi	0.290088
dijen	0.0143228
haderez	0.0311317
bremaik	0.315082
born	0.0972202
Jude	0.308573
kilhogi	0.204159
fuzuilher	0.08496
skubaj	0.399099
kailhenn	0.252225
tartouz	0.294048
diraj	1
asion	0.380703
kenetre	1
dispar	0.272128
kevella	1
prech	1
gweztilh	1
bali	0.0726768
ten	0.502019
diser	0.0378384
goerez	0.0268422
diaozet	1
amzer	1
treuzad	0.0169935
kouskerez	0.123429
kafeta	0.689106
arvari	0.577404
melc'hwedklorek	1
kartouchenn	0.628329
peurserri	0.16775
eskumunuget	0.507531
digredenn	1
fidam	0.299915
diter	0.65401
ha	0.683224
heskenner	0.00755293
to	0.519771
mouk	0.029385
digor	1
las	0.33021
houi	0.0451237
yen	0.363439
tirivilatdoht	0
tilh	0.0367678
plasennad	1
speg	1
ouek	0.0854714
kre	0.366612
fristi	0.199669
gerbel	0.0250441
adrohatro	1
direunet	0.00652431
divleupa	0.150373
amur	0.0864681
priza	1
skora	1
kanonek	1
artikl	0.469253
ebat	0.166989
fourch	0.296777
barodenn	0.0504488
Tremaouezan	0.088914
republikan	1
dichastre	0.299895
pourven	0.0118991
bloukard	0.166667
peka	0.353739
rouzenn	0.0253795
troc'herbuzhug	0.452857
bankerbankour	1
mout	0.330884
millizout	0.122557
hentad	0.0181564
bado	0.626861
kaoleg	0.0248124
eonennek	0.223662
diveleg	0.0381337
falc'heg	1
spev	0.23807
alammo	0.224277
dourlaer	0.0257807
raka	0.0438403
dirollerezh	0.174571
korneg	0.197891
kengav	1
stalenn	0.677372
Monika	1
se	0.422335
diginkl	1
loaraned	0.0950104
bir	0.333333
aparas	1
mouk	0.029385
rolti	1
tufa	0.376229
herdi	0.00583316
difoeri	0.00510825
avanturi	0.132313
tout	0.227415
apoueilh	1
dijen	0.578038
afa	0.360143
fruget	1
ostant	0.00967498
tor	0.323333
ragn	0.204397
dizalbad	0.633007
kitez	0.252521
pil	0.0285501
chapeledad	0.212623
luzed	0.00370524
chafod	1
digontamm	1
aren	0.223148
haelat	0.0919619
karg	0.38782
ahervez	0.351726
morfont	0.395951
zou	0.367876
frouezhet	0.261255
se	0.198517
riv	0.25747
brein	1
pif	0.53286
pater	0.356234
dat	0.0378824
pout	0.280549
gorzho	0.033164
kofilis	0.471677
fallegan	0.174101
kouter	0.0852583
fouezh	0.548437
blechat	0.21401
logell	0.39004
plaia	0.230794
do	0.492145
kouskmintin	0.450403
lagadet	1
marvailh	0.308298
taolsantel	0.301384
mac'het	0.0155296
divorfil	1
li	0.361302
astummgant	1
dic'hoapaat	1
peurvuia	1
diouiziek	0.0560077
amzeri	0.493526
amzer	1
mouilh	0.202655
dibeilh	0.591413
bounter	0.165415
touzerez	0.0312801
dibouez	0.571429
ahelet	0.518509
gos	0.485944
keveria	0.440741
gouarner	0.975034
edek	1
skora	1
glavpilpolos	1
meskailhez	0.729855
bregon	0.0872602
drop	0.184462
framasonek	1
preg	0.432447
flibous	1
warhednebeut	1
relijiel	1
relez	0.166884
kefespern	0.351792
kannder	0.976991
lerbajlerbiaj	1
favaj	0.259312
hewerzh	0.0182229
abardaeznoz	0.404406
bis	0.284351
diboell	1
ulac'h	0.344905
hersalhersahersi	1
stouv	0.392317
andonier	0.0315872
Bonbonkredans	0
bilh	1
tazenn	1
ren	0.2979
aleun	1
trist	0.265279
taolnoz	0.727423
li	0.0554357
kantennat	0.17888
gan	0.256926
li	0.547704
pigell	0.020157
grandis	0.463402
patronaj	0.00721302
meskaj	0.288562
pim	0.480715
pous	0.404255
para	0.361454
dezorna	0.108643
dirapi	0.065698
goroaj	0.0102562
as	0.383955
peurzistaga	1
abad	0.423866
kafourch	1
Janig	0.367879
greset	0.10505
tignol	0.664971
sklasasklasi	1
abennneuze	0.487597
avalorajez	0.70432
bouderez	0.0508728
gorreDoue	1
spoeset	0.285054
tonn	1
izelaat	0.0320337
perc'hennaperc'henni	1
aoter	1
souezhet	0.28016
dat	0.0279266
andon	1
sil	0.423383
fosier	1
lore	0.039678
peurc'hounit	0.257702
dez	0.296004
gresaat	0.372951
ros	0.470086
garegenn	0.0267596
gros	0.556789
plaou	0.384511
stonka	1
kadorlez	0.296267
chaoket	0.255384
labous	0.986744
rwalc'h	0.0137853
diginkl	1
Ildud	0.103794
parka	0.0809813
oget	0.040826
pato	0.693336
silhasil	1
goedenn	0.0426021
all	1
garzhi	0.0381561
galouperezh	1
terez	0.0280592
kouskmintin	1
kalfichadur	0.471677
dreser	1
laoueg	0.0131769
ac'haol	1
dible	0.0328308
mik	0.647673
toulldouar	0.109488
dilorc'hus	0.891606
kas	0.90266
izelved	1
l	0.528831
houstet	1
sanko	0.00410368
divaoue	0.68821
gramadeger	0.183129
kaki	0.594998
floderez	0.444415
raganella	0.178837
dizouea	0.372121
er	0.16544
dizoari	0.264685
direvi	0.193646
anemiz	0.535874
siell	0.307757
klemmuskat	0.223373
sizhunvezhiad	0.573218
herdi	0.00583316
tregeriek	0.0221674
digreoa	0.146066
cheuc'h	1
disgwalc'het	0.366892
flupat	0.36372
dic'hailh	1
ebat	0.0755249
tribun	0.483615
garzhata	0.255342
jaojapl	1
dantellet	0.386211
peurunvan	0.477194
gaouet	0.208155
bot	0.551618
poanspered	0.646958
mac'het	0.0155338
marko	0.0599626
ridennet	1
li	0.468219
edenn	0.30288
melchon	0.209045
marc'hmenez	0.176654
pil	0.254782
korneg	0.0290752
korrigan	1
barrti	0.0296134
jamezenn	1
koant	0.303689
