klopin	1
kozh	1
millitu	1
bet	0.164875
tatoui	0.0141066
difuilhet	0.52667
maengris	0.359949
arall	0.254232
superstision	1
lore	0.948666
gwasket	0.422562
eno	0.261898
glizhaj	0.140906
azirvrema	0.157072
dornerez	0.836181
perza	0.195996
pollen	0.322078
tortenn	0.711027
kuzhiadenn	0.228193
sosialist	0.287998
damsklaer	0.151856
atahinaj	1
kigninet	0.290318
pempilh	0.215155
douaroniel	0.28715
rivinet	1
tourz	0.590129
skiltr	0.28573
kornchap	0.0095274
born	0.914036
mouskomz	0.252318
bonimal	0.562117
flech	0.418698
difeiz	0.0966455
satordistac'h	1
roz	0.27426
paotraod	0.135112
barbilh	0.032556
ampar	0.274786
sked	0.38181
draster	1
kompez	0.262526
mint	0.185037
gwaga	0.107483
menot	0.252001
dozverez	0.0435076
kompez	0.444218
prest	0.360805
li	0.0217659
saon	0.780792
spurmanti	1
blagi	0.347609
kolladenni	0.0473829
peuzkerkent	0.385543
linko	0.175877
dizeuredi	0.0385955
butunkarot	0.666667
dalc'helezh	0.477104
divrud	1
chan	1
evel	0.63498
Gourlann	0.284483
butunfri	1
digoustias	1
mouchedenn	0.382209
dizoan	0.496002
broadel	1
fontafonti	1
kole	0.178376
moum	0.253905
dismantrer	0.244297
damvoull	0.222043
flut	0.437997
diwez	0.018733
koata	0.250331
koulz	0.243309
li	0.320091
nodad	0.459283
gronn	0.0286911
diehan	1
moum	0.253905
kaver	0.0101004
maenmouilh	1
divodest	0.571579
kavailh	0.260807
laouez	0.19905
adakado	1
deliaouenn	1
boemet	0.0702918
piltos	0.105646
asas	0.403062
temzio	0.266916
amskav	1
futet	0.716024
sas	0.50783
adperc'henni	0.308427
pistiga	0.0424179
terenni	0.067739
staoter	0.418933
gwenved	1
sed	0.397815
doustadik	1
faoutenn	0.296941
glach	0.150515
streuvell	0.346103
tudet	0.216502
poz	0.391337
dis	0.420051
ha	0.67141
revorenn	0.345226
belost	1
dourgwermin	0.648175
touneta	0.262709
divistr	0.359106
doural	0.0279393
melenn	0.24759
digav	0.633982
bam	1
miz	0.39469
peuzkerkent	0.535307
mester	0.0938631
moraj	0.621335
amzer	1
dich	0.534618
beziad	0.484402
beziad	0.484402
live	0.707116
laoueg	1
istrimant	1
kompez	0.489303
begkorbin	0.621639
garenni	0.0121212
katerat	1
pil	0.122552
int	0.484123
fromus	0.395473
arenket	1
ae	0.428572
tez	0.589578
divesk	0.026947
diroufenna	0.286963
roueig	1
didortilh	0.836618
dic'harzha	0.618856
man	0.417902
koarenni	0.0259921
kenek	0.415548
distaponi	0.776333
beuch	0.619391
pennpaolig	0.271965
locha	0.899622
arwellad	0.270658
apoueilh	1
digrota	0.847099
ae	0.301317
beni	0.0346269
str	0.217774
jamezenn	0.385213
gouez	0.2033
flegenn	1
babarig	0.302146
laoua	0.367863
liant	1
falc'heg	0.327692
fiskal	1
tosel	1
azerez	0.297244
Fraseza	1
platan	0.264364
elvennek	0.329497
denenn	0.194797
aez	1
didrec'h	1
astrollad	1
invantorier	0.0331426
didres	0.2173
charn	0.175698
kailhenn	0.0139625
azerez	0.284242
ez	0.00491279
garegenn	0.0313349
begfigus	0.713572
pimant	0.31047
rusian	0.0128083
hivizenn	1
gouez	0.10737
Loeiza	1
fok	0.475121
agreiz	1
lenn	0.0684561
distrouilh	0.35359
rost	0.241957
peurunvani	0.6361
krapad	0.0153358
endeusurmaneurmat	0
mailh	0.227701
distrellet	0.293488
glizhetez	0.0295953
goueledi	0.0185197
aparas	1
komedian	0.819057
ner	0.377472
geltad	0.323864
yen	0.307582
dispi	0.280195
gan	0.391891
tius	0.263294
fidorienn	0.801277
korn	0.395056
laoua	1
klod	0.377922
stard	0.376509
to	1
enebiezh	0.0188236
blaz	0.264802
difoura	0.310426
brein	1
alfet	0.319447
korr	0.0299012
pit	0.289563
tulotet	0.131934
pavez	0.0418349
pollen	0.165131
all	0.372891
beterabez	0.848462
filimi	1
poz	0.151318
chalbotat	0.261796
peulvan	0.592302
tez	0.518987
pere	0.205751
digoata	0.29049
klezeataerezh	0.502798
paotranivinohir	0.109406
adro	0.00446949
erez	0.459552
nijadenn	1
fez	0.249639
lop	0.420193
disorb	1
hou	0.0885476
prada	1
blech	0.109137
mouk	0.32139
anaoudeg	0.138731
aleun	1
krozalkroza	1
gouzienna	0.215857
marka	0.221901
divoser	0.747661
chupenn	0.631395
sevenn	0.130413
helpennhelpenni	1
lapineta	1
taollabour	1
poellek	0.0499033
trouskenn	0.0842329
tevard	0.00438604
karenn	0.0240511
meme	0.324941
ekeit	0.690311
melenn	0.63797
drailh	1
distager	0.378579
harpaharpi	1
feri	0.0403721
difrinka	0.391222
abostoler	0.866241
atom	0.275776
pout	0.46546
pater	0.655343
stranet	1
beked	0.344141
stlap	0.353895
tennaj	1
didalvoud	0.834503
fidadouenn	0.29682
fonnapl	1
troen	0.508923
ampoezoner	0.0286507
las	0.274519
boemet	1
ha	0.193869
plataj	0.405195
bazenn	0.273714
saoutenn	0.229683
tolpez	0.359547
eskobi	0.213427
toc'hata	0.0360498
sec'hor	0.721009
laouenidigezh	1
manac'hbaleer	1
tamtam	0.245126
sederaat	0.510969
primhaprim	0.292148
er	0.0261546
mester	0.302
krabotennig	0.0261128
dismantradismantridismantr	1
fardet	0.250996
floderez	0.520665
rez	0.304999
goudor	1
abostoler	1
renevezi	0.0125486
alfet	0.382218
fidamdoulle	1
rimadella	0.0966043
digoulzi	0.814932
poz	0.391337
ahanter	0.505312
lustrugenn	1
tuilh	1
taok	0.0728548
dis	0.421844
parea	0.603563
hent	0.19016
disvoued	1
aspoueza	0.420365
sac'ha	0.729636
kinitervezedkompez	0
dibordi	0.145026
salmer	0.199502
romanek	0.00797074
digilha	0.391215
diskouezer	0.982461
ober	0.030756
gronn	0.0336737
drouklamm	0.383407
papuruz	1
moderas	0.0141773
talk	0.367879
rizenn	1
traoDoue	0.186474
kornderv	1
frajipaner	0.148768
toennet	0.542423
drailh	1
lagouta	0.111533
kozhakozhi	1
seul	0.654128
tie	0.433139
gloestr	0.0110691
filozofiezh	1
ac'haol	0.257568
flap	0.319357
europat	0.377478
skerio	0.109461
anoazhi	1
amzer	0.231193
koller	0.046683
adren	0.31906
dilatin	0.206851
ton	0.185266
lenn	0.434398
skorf	0.333362
flandrezek	1
koarenni	0.0259921
ampar	0.389891
pennfollet	0.621206
erminiget	1
lore	0.357901
skora	1
krasta	0.114347
bak	0.0603177
galianek	0.00656585
ranell	0.029634
ezelet	0.0590748
begaraok	0.20836
peilhenn	0.558342
ergan	0.334322
lizev	0.0317598
bouruz	0.0510617
galleg	0.463162
parezon	1
tres	0.458501
lipet	0.359207
tres	0.0221084
miz	0.221482
ami	0.391003
dreuz	0.392691
strobellat	0.237816
korilh	1
fidamdoumen	0.295345
strap	1
korilh	0.465335
pladenn	0.238619
direolet	0.3695
morilhon	0.748148
diret	0.260377
gouarner	1
turiadenn	0.367879
bontet	0.264601
tanavenn	1
beredet	1
dalc'hmat	0.372025
eunan	1
drible	0.233321
bir	0.101658
chaogell	0.0828565
dic'hlan	0.287312
flatoull	0.24715
millizout	0.135698
karantez	0.378262
tor	0.0575125
blod	0.0161639
dinamo	0.0584478
eilskrid	0.437194
linn	0.413531
ensac'ha	0.187739
anont	0.250462
glizhetez	0.0271029
dalet	0.364376
fetekal	1
simantenn	0.183112
barbilh	0.816989
diorbid	1
harpon	0.170128
darbodi	0.730351
mout	0.425876
ae	0.411835
anell	0.304583
las	0.477941
dilemma	0.313413
hatial	0.219109
mac'hagn	0.22642
diverr	0.0387725
Santekroe	0.048156
lazeria	0.0142173
int	0.392512
chigolokenn	0.484579
antoni	0.532368
enezek	0.0322085
boulom	0.215883
ispiona	0.232752
mekanik	1
peluz	1
alammat	0.193252
poazhadenn	0.757791
divoull	0.373889
man	0.552745
kornzigeri	0.0890753
divrev	0.0942226
arziot	0.353717
drogerezh	0.032655
let	0.181834
stokerez	1
aleun	0.153864
dreuz	0.425482
blod	0.70252
priprad	0.564936
digripon	0.769453
dizlea	0.189277
priol	0.211975
bevek	0.39023
alammpik	0.407415
strap	0.247234
dich	0.431909
erez	0.473315
eno	1
sas	0.534948
stard	1
nivet	0.421802
ebat	0.477264
renevezi	0.250799
pegenn	0.0326544
termer	0.0350353
laer	0.0430566
sed	0.517881
laterell	0.250302
migadur	0.0139028
titouri	1
bronnet	0.0746795
dienkrez	0.644796
chapeledad	0.227925
koukou	0.535764
ruta	0.354504
esouz	0.0624164
kevella	0.798485
va	0.401469
hek	0.37313
kilwed	1
lastrao	0.907097
logell	0.304067
endramm	1
didaner	0.255985
erez	0.0964723
patono	0.302656
diwezh	1
brogonenn	0.168116
divent	0.308814
tres	0.146591
pere	0.0326371
fogn	0.263191
mann	0.623175
frai	1
marventez	0.438872
pout	1
poan	0.0362585
ami	0.23234
dilabour	1
adjod	0.0769231
led	0.326447
fanisa	0.0126898
digoata	0.207404
filimi	1
andon	0.410946
kramenni	0.190237
breinadur	1
Nedig	0.153572
riblenn	1
fourch	0.321425
telegraf	1
pant	0.279784
fidam	0.427034
damvreton	0.215134
tor	0.00653421
bugelel	0.280899
strevier	0.0375711
bian	0.573634
taeret	0.0935614
digilha	0.196018
ac'h	0.295585
saoutenn	0.360278
awalc'hkalon	1
kotilh	1
broderezh	0.327142
limonat	1
rannet	1
regali	1
gouere	0.0535143
anell	0.24842
fumafumifumal	1
aoter	0.174517
skod	0.57344
poz	0.268457
tredan	1
sinez	0.25389
batouilh	0.941122
bibik	0.343523
anell	0.487677
mouilh	0.0289727
dirdign	0.268612
tez	0.472368
koadtan	0.563309
kambret	0.315967
BokejosantWeltaz	0
goradur	0.315324
difoupet	1
lore	0.347255
mout	0.269031
dilezadur	0.438189
hujaoterezh	0.317845
brein	1
dismantrer	0.152173
galoch	0.887786
teut	0.224594
arc'her	0.236563
dizall	0.512086
strogaj	0.609536
kofilis	0.653443
kraset	0.220887
reg	0.369525
savenn	0.129537
souezhetaat	0.0873394
alouber	0.477559
helez	1
dorndis	0.398398
kokoz	0.0679796
ami	0.75808
legestr	0.662761
apoueilh	1
laoueg	0.188208
mailh	1
chiboudensibouden	0
rip	0.35988
garenni	0.0495897
rannad	0.49394
mardoumen	0.182122
flikflaki	0.123605
toulla	0.151473
melenet	1
sellataer	0.816557
bertimi	0.209701
keliad	0.285015
kerentaj	0.145519
ampar	0.274786
atahinerezh	1
forlinkat	0.373836
entanet	1
ez	0.677141
tor	0.496989
hirellek	0.525375
ravalink	0.135535
adfekioner	0.0714286
brasellet	0.420755
frouezhet	0.0638203
ali	0.168721
spontailhek	0.0284907
gwantenn	0.149925
pelon	0.249319
toennet	0.079526
touller	0.182444
pikailhat	0.181025
diherni	0.4985
all	0.246584
skolaat	0.356691
avat	0.266437
dizerzh	0.0361723
aziwardro	0.490606
pollen	0.286513
kult	0.531562
nonn	0.631395
difeurm	1
ez	0.231152
kaotier	0.014363
botezchoukenn	0.251127
peurvega	0.810054
aganto	0.123135
rouz	0.169121
esa	0.315719
mint	0.238891
bid	0.15674
revel	0.0247543
fogn	1
milon	0.370774
dispi	0.200072
torgennek	1
lipad	1
las	1
plasfoar	0.156057
tilh	0.129736
dalet	0.328644
Saig	0.329824
nekwir	0.363472
gwezennad	0.0345324
red	0.112442
aremour	0.0223758
truez	0.293143
diaez	0.0494444
moret	0.327178
kantenn	0.117452
bug	0.262432
rez	0.361096
ruzart	1
dizalc'h	1
minotenn	0.65942
roustad	1
flech	1
arc'her	0.33587
freuzafreuziatfreuzi	1
kobra	0.560031
tres	1
dilocha	0.303363
sardoni	0.727777
moui	0.426962
trejo	0.634223
kempenn	0.500763
divleupa	0.472497
kengav	1
relez	0.246888
jeun	1
melenet	1
pistiga	0.373652
erienenn	0.124675
agreiz	0.271431
mall	0.0430915
latinat	0.133227
beuz	0.0845938
peogwir	0.0319224
koant	0.0335405
karakenn	0.487984
abostoler	0.866241
kontrolfed	0.0955759
luzed	0.281977
kaoleg	0.477126
fidam	1
chaous	0.060868
ablas	0.402445
bourrus	1
ampartaat	0.187733
chour	0.0433633
arall	0.462136
setu	0.274287
Triphatraphatrap	0
toufad	0.0149573
bleukata	0.702104
troet	0.647954
kamm	0.347381
bernwarvern	1
ouf	0.216932
dalet	0.0359154
balpi	0.478524
manganez	1
biou	0.023312
kifet	0.309096
bet	0.502123
pegeit	1
klod	0.221877
mellad	1
choj	0.143197
tabok	0.126686
led	0.445446
freoz	0.208673
alammat	0.14665
glarenn	0.411369
drezad	0.226563
kaoleg	0.0264551
yudazenn	1
diwez	0.160711
edek	0.4095
migadur	0.0174772
oget	0.20763
daon	0.0226781
poan	0.0227472
poullklogor	0.576519
fontafonti	1
yac'hpilh	1
warnestost	1
niveret	0.273696
dreser	1
esigur	1
kenek	0.958461
didrubuilha	0.228548
divrec'ha	0.565751
azverenn	0.0271046
tana	0.338505
ganuzet	0.0368834
hantervreur	0.737491
erez	0.265586
kailhenn	0.301986
peurrei	0.0596598
tuilh	0.0445275
boud	0.382913
galos	0.205646
red	1
eurvezh	0.0815542
arteziat	0.205976
stonka	1
aganto	0.0971507
distan	0.300214
logenn	0.228229
liant	0.593851
pario	1
kembraeg	0.348963
toutek	0.486507
diavaez	0.0133978
braka	0.0798414
reg	0.452869
dilenner	0.0151597
enhomesk(o)	0
liant	1
hent	0.395083
brema	0.044727
as	1
nevi	0.496914
poz	0.297904
difoeltr	0.138373
hailhoset	1
hei	0.422171
letonenn	0.702768
disoulet	0.245296
enebas	1
mestrezskol	0.502187
troaze	0.174587
linn	0.633809
libell	0.616799
boestrelego	0.769024
kantvloaziek	1
sed	0.0787997
salead	1
tuenn	0.548041
pe	0.0348688
nondondistag	0.286091
astennet	0.348066
lalla	0.252184
relez	0.263961
pe	0.394473
parlak	1
poupig	0.432438
taok	0.0815515
ami	0.260819
begad	1
ali	1
stoupa	1
ha	0.0670136
diuz	0.4198
ac'haol	0.168819
dichati	0.0108014
likoez	1
dired	0.280005
ablas	0.0217116
kouracherez	0.143079
renevezi	0.00978568
diherni	0.498578
adreuzhagahed	1
krogyod	0.448717
istrogell	0.518093
ru	0.525465
disgwinta	0.357589
trilamm	0.242469
laouez	0.331294
sorennet	1
rouletat	1
sac'ha	1
divourrus	0.12253
bleuniet	0.0108162
ankan	0.0456348
bon	0.0218723
renket	1
amaer	0.394741
stignet	0.165226
klask	0.402232
ardanti	1
diboell	1
riv	0.366884
a	0.380674
a	0.500117
mison	0.394095
tuenn	0.315797
amled	0.354549
goaf	0.328613
dispont	1
rechet	0.354408
koller	0.17558
li	0.0339488
silvidigezh	0.541807
toc'h	0.343798
gortadenn	0.274831
glazrev	0.379851
gwinpalmez	0.232761
gaoui	0.0317418
perier	0.118171
bibik	0.0215144
pil	0.419013
hou	0.342866
skarp	0.0509286
daleer	0.305697
dol	0.474995
diveleg	0.0268196
dizoan	0.532734
goet	0.25272
amzer	1
adro	0.180812
melenek	0.151442
evel	0.15749
parea	0.603563
ankounac'haat	0.348481
azerez	0.00870782
adammdadamm	0.280798
faoutenn	0.247689
kouzi	0.00617489
fe	0.274216
lavrez	1
bilh	1
rost	0.267791
morjinerezh	1
dreserezh	0.205485
mota	0.295813
moka	0.3777
dic'hlan	0.53338
kultuel	0.839457
moust	0.521258
trec'h	0.190533
diraz	0.231528
bos	0.66647
madelezhus	1
diarvari	0.0983532
treinellat	0.00787975
nennig	0.373481
pesk	0.286052
gwenana	0.186767
hollgaer	1
lustrugenn	0.381895
blank	0.0875955
brein	1
dilabour	1
c'hwezadenn	0.491732
bilh	1
tres	0.406499
bourc'hadenn	0.919177
tubazenn	0.31745
sabati	0.313544
galleg	1
krotouz	0.0919464
distrap	0.300632
Frasa	0.0212377
aremenn	0.283447
tuda	0.433552
bado	0.473967
damserri	0.087603
disakr	1
raktal	0.279138
stouv	0.351615
diodet	1
aeno	0.330228
raka	0.482546
lutun	0.678978
terson	1
arc'her	0.0837867
loerenn	0.261378
Fach	0.302382
sidan	1
pibid	0.147211
izelaat	0.0516894
diharak	1
norman	0.439741
viri	0.340713
kavanus	0.568195
kriadenn	1
tezhiek	0.0165807
ampar	0.362284
bak	0.133333
bouedmir	0.5
ich	0.257247
paotraraok	0.771362
ha	0.856856
termaji	0.222763
gouez	1
splannder	0.142228
famin	0.214968
jastra	1
drouget	1
diganta	0.00607057
dieubi	0.309854
mouk	0.366147
digounnari	0.57027
brezeliad	0.964932
pourvezas	1
gos	1
plaen	1
kult	0.456967
bugelenn	1
opiom	0.0980163
berrentez	1
tu	0.254461
voulouzennet	0.827912
distumma	0.497614
gell	0.383705
goudorenn	0.502595
kitous	0.410392
dilazh	0.308708
gwerc'hlas	1
melc'hwed	0.311217
bag	1
trac'hoantek	0.371381
teut	0.421104
treuzo	0.614163
mitonellet	0.198234
kornk	0.273414
galleg	0.232549
punellat	1
eunan	1
revel	0.0247543
kad	0.365224
bilh	1
mac'hagn	1
dilorc'h	0.466422
advugel	0.429161
plasennad	0.0156196
oglenn	0.388287
to	0.52533
moumoun	0.19446
borb	1
entanet	0.134517
difizias	0.394075
lalla	0.231696
stalenn	0.84251
diridintal	1
ami	0.571562
kofilis	0.653443
mut	0.462548
gwallgaserezh	0.847406
garveta	0.0498606
henthouarn	0.307207
pifon	0.285997
divoukla	0.290295
ac'haolekac'haoliek	1
dirampa	0.338295
BroDreger	0.164497
banktaol	0.490046
tronkon	1
rouf	0.275823
dirent	0.372638
a	0.161719
Japon	1
dezorna	0.134043
glazur	0.416672
trabaser	0.0754545
ruilh	0.320981
aleun	1
gouez	1
bouret	1
dibleg	0.259268
sizhuniad	1
tadkokenn	1
didalvoud	0.332109
dizellez	0.0180122
adro	0.832133
ranngalon	0.576792
boutellet	0.235437
bisig	0.164336
antoni	0.325378
esouz	0.0130276
miz	0.416834
fourboucher	0.34834
adreuzkaer	0.301984
grin	0.378034
amzeri	0.313428
perza	0.350131
reputareputi	0.5
difall	1
kinglav	1
enea	0.105379
laerez	0.157149
koant	0.323174
para	0.276116
sailhet	0.22508
goet	0.235612
beuz	0.534477
kozhakozhi	1
menon	0.328123
tadpriol	1
gravia	1
teut	0.242355
krabeta	0.0123843
god	0.0705841
bizeal	0.342844
fumafumifumal	1
dare	0.0375421
gronn	0.0300452
brall	1
falskredenn	1
amaer	0.436028
patronaj	0.46542
gamachenn	0.041284
ez	0.261185
distumma	0.471301
charn	0.175698
divorfil	1
warhedkalz	0.191756
aoter	1
gwelead	0.0151837
marvez	0.150632
oufal	0.236484
poullet	0.251642
taosi	0.0132984
grizou	0.33632
tapon	0.0484851
gwinpalmez	0.284899
adprena	0.594932
ereer	0.0188083
gwenid	0.375881
gwelt	0.19756
eno	0.666667
paelour	0.428876
a	0.278741
dampret	0.573744
terenni	0.100542
araokaat	0.51037
ranner	0.45578
oes	0.369561
piano	1
tana	0.250983
skuizh	0.654657
geltad	0.30293
god	0.357302
amzer	1
flua	0.532301
taolred	0.314809
poanspered	0.182019
evel	0.042929
abepgiz	1
kac'halanig	0.228457
javalias	0.334331
dourjostr	1
follez	0.786194
skoliataskolata	1
gouez	1
rip	0.27157
peurvuia	0.154272
as	0.393163
distrap	0.427606
charpebr	0.450115
toc'h	0.648655
aluzeni	0.0156824
mammgozh	0.116076
boulc'henn	0.691937
paska	1
rizenn	1
driv	0.205175
abellgozh	1
aou	0.354696
blein	1
pennober	1
sonerez	0.379386
all	0.0894718
evel	0.10811
flibouz	1
beziad	1
trekaer	1
touellet	0.484911
dadouez	0.175732
para	0.246649
fourgasi	0.373636
keitet	1
kabestr	0.463269
suner	0.701393
menon	0.328123
rizenn	0.0639655
meskailhez	0.611887
loc'het	0.0463764
astell	0.328371
toumpi	0.489574
advota	0.302167
gwevn	1
bertimi	0.269589
mignerezh	0.15148
angli	0.708344
standilhon	0.656938
chinez	0.361128
akajou	1
divrudet	1
troell	0.244784
dalet	0.256187
libouret	1
europat	0.212485
chalp	0.389272
bevek	0.043396
dabonet	1
erjennat	0.554466
dirollerezh	1
bourjinerezh	1
sed	0.656879
bouta	0.283834
muntreri	0.0532506
taflak	0.104784
kevella	0.0510517
feri	0.144216
fonnapl	0.42496
disorb	1
amzeri	0.0745548
treilhenn	0.411582
pevarugentad	0.0111215
pe	1
morgleuzenn	0.201885
deskad	0.229691
tribunal	0.416081
bre	0.413332
beziad	0.233505
bouruz	0.201397
doan	0.701968
taga	0.0962822
diskorpul	0.230524
bremanzoudenDoue	0
avalpato	0.388019
melenet	0.291924
telefon	1
gwezorajez	1
gwerat	0.013708
dis	0.156247
botourkoad	0.102069
beogal	1
kalson	0.307834
borb	0.281077
diflapa	0.339069
distradet	1
taosi	0.134773
moudenn	0.250254
addimezi	0.0988354
sin	0.158077
kuloto	0.331818
diziazez	0.00926729
diamen	1
bis	0.667787
Katou	0.348186
paotri	0.251175
abrezherr	1
soniri	1
emsikour	0.422258
sailh	1
diakr	1
dispregi	0.0145194
dizoan	0.532734
teotegez	0.461525
harluaharlui	0.0896407
ali	0.240629
toulleter	0.219588
ijinenn	0.432302
abelldabell	1
boud	0.0444274
araokaat	0.287467
amzer	1
poullkanna	1
Duaod	1
SperedSantel	0.478474
kel	0.469753
taolpesked	0.188742
tez	0.136149
laermor	1
treanter	0.262959
adavik	0.504936
pozet	1
dak	0.330639
kannder	0.976616
gloria	1
moreni	0.381722
renket	1
ton	0.258018
divrezhoneg	1
amzeri	0.294866
ola	0.254472
lostigenni	1
gwelead	0.0185995
akes	0.143657
klemmuskenn	0.169188
hei	1
mimi	0.257366
Fach	1
broc'h	0.962669
laer	0.104557
adunani	0.202399
hek	0.373802
beni	0.0281767
goavezh	0.509309
izelekaat	0.131456
dojeret	0.800922
wardrev	1
warnebeut	0.289853
koublad	0.925446
dizunani	0.290695
marc'hbez	0.166174
pil	0.284476
ampar	0.236387
poazhadenn	0.170435
doareata	0.0361962
kieza	0.0106745
begad	0.6
pennkenta	1
flip	0.2421
emesk	0.281644
lenn	0.208802
kroaz	0.143495
dihoa	0.354673
begad	0.6
erez	0.379018
lasad	0.30083
taset	0.06375
koatet	1
marvez	0.109566
potarni	0.326829
trekaer	0.0374888
kinet	0.255258
divorfil	1
dol	0.258308
perza	0.574138
man	1
gasti	0.0514381
morfont	0.321896
goulenn	0.0603221
krev	1
fidamdoulle	0.231885
krabani	0.98306
laoua	0.0722897
poz	0.311116
dama	0.254648
elektrik	1
dic'harzha	0.618856
tarinenn	0.542712
alammat	0.221244
kaouledet	1
ampar	0.289755
dregichen	1
hopernoz	0.64841
titich	1
goavad	0.406551
hejerezh	0.0903361
diroll	0.112288
lalla	0.152467
gasaj	1
b	0.472986
korvenn	0.478992
sarf	0.391566
kraouia	1
bid	0.241323
god	0.477965
sentus	0.467658
astrimp	0.350299
dreuz	0.525263
savet	0.119299
chik	1
abare	0.0706451
misionimisionat	1
krachadenn	0.354606
rez	0.276929
distrizh	0.16653
difeurm	1
getiz	0.307753
berber	0.129546
mona	0.0934062
kalvar	0.489303
alarc'h	0.498096
Gwilh	0.547307
forlinkat	0.373836
feal	0.246365
pesk	0.0138565
aoter	1
Mona	0.552418
angli	0.602704
euriad	0.0442462
peurzigeri	0.735733
bali	0.0810075
nafellazketdean	0
kasta	0.272121
postkroug	1
stapenn	0.0344877
stokenn	1
rizenn	1
kantol	0.0147249
doc'h	0.240045
drailh	1
haikal	0.46182
atil	0.207481
divot	0.236825
katedral	0.598266
gop	0.438296
lustrugenn	1
pater	0.228742
talkein	0.00427294
ich	0.452282
ruta	0.313833
noter	1
kouskaat	0.130751
kouchet	0.431094
treanter	0.0299702
torchenni	0.969676
eno	1
chilaezh	0.30104
lichuenn	0.621684
garlot	0.358371
fe	0.105816
ola	0.216206
likenn	1
dirapi	0.0255573
chistro	0.271083
stourmad	1
digarantez	0.644796
rezizenn	0.0313814
dirikla	0.241614
bog	0.298318
stonka	0.326919
difeiz	0.0966455
saprestor	0.315801
kasenn	1
gros	0.179232
oabrenn	0.0963058
dich	0.157509
huanhue	1
gos	0.277732
digompez	1
ola	0.380612
berrentez	0.0327055
int	0.00474443
moranv	1
dourbev	1
digleria	0.0159018
adfekioner	0.0714286
kopt	0.425727
tapet	1
nondondistag	0.831076
seller	0.0468239
glaverez	0.0143045
barrti	0.0370449
piladeg	0.208268
divrud	1
salmer	0.242649
ripa	0.372599
bapeur	0.134205
asprena	0.0338019
trogamm	0.239805
fiskal	0.759462
melenet	0.257913
kutuilhet	0.567238
gobo	1
ribin	0.832711
Goneri	1
gwerzher	0.0196532
rukunet	0.508101
chik	0.0974267
paotri	0.0853335
gouserret	1
ekeit	0.367056
rodell	0.375872
beselier	0.125136
pous	0.470192
difindaoni	0.417816
divaltri	1
kriadeg	0.986463
riblenn	0.579216
silet	1
kilhogi	0.201781
adjod	0.0769231
chapeledad	1
punellat	0.202864
kenek	0.344458
uhel	1
ruilh	0.267205
fivadenn	0.367327
digarezer	0.333333
Arab	1
didevidideva	1
seller	0.135435
bilhon	0.809851
tonn	0.657481
euriad	0.0395999
goular	0.316607
se	0.127277
endervezh	0.010968
krannek	0.423514
pelurenn	0.301656
furch	0.272805
leunchek	1
meuta	0.376002
peurbare	0.308243
gradvat	0.131522
peurrest	1
hengoun	0.411656
askre	0.0348547
skavaat	0.438478
reutaat	0.0902502
koran	0.20365
plaen	1
rampla	0.311663
lostad	1
diskoilh	0.0286485
drouklamm	0.287443
dimez	0.246416
goap	0.20566
pa	0.253106
adroc'h	0.333312
alaer	0.352409
aoter	0.0893946
dizabet	0.249095
mouch	0.527761
didanet	0.282279
tres	0.0795582
farloket	0.567238
dislenn	0.500195
sailh	0.0575962
brein	1
ola	0.289202
str	0.496739
truilhet	0.30069
alammat	0.295153
morfont	0.0207089
peurwenta	0.0196223
diskarer	0.62469
komplidi	0.0767385
digrogna	0.116066
tommadenn	1
ranner	0.0237257
fran	0.307293
flip	0.406499
mitaouik	0.113983
adrei	0.511212
katarello	0.0935205
taok	1
dus	0.377316
dizoan	0.532734
mal	0.0423093
aleun	1
aremenn	0.0497847
lastrao	0.111049
torchenni	0.801777
beogal	0.0319061
morzholenn	0.108803
broderezh	0.0424601
staliata	0.0450478
kel	1
satordienn	0.0673678
skod	0.0657677
justin	0.0156201
breizhat	1
diboultrenner	0.0391321
saoz	0.245722
ledanded	1
lip	0.512585
goulc'her	0.789142
erminiget	0.544027
kran	0.461356
spiser	0.624502
taer	0.036062
dilocha	0.102568
ren	0.369679
boukidisantMark	0
brall	0.19874
't	0.373198
divav	0.0443197
flut	1
skolpenn	0.231945
molumet	1
digrasa	0.88978
dihoa	0.603986
dihoa	0.635941
gouez	0.03194
oberd'eoc'hkoumpagnunez	0
keut	0.362055
aboz	0.00611368
seblant	0.478647
radio	0.233102
midad	0.248396
str	0.421496
difranet	0.278022
kamm	0.349472
ravolt	0.618878
kammober	0.134281
avremanik	1
poz	0.163595
troen	0.308339
bornez	0.08095
kav	0.31762
arc'heskobi	0.252964
disimur	0.247595
begedog	0.533802
dible	0.246046
esa	0.0414696
yaouankizo	1
kantad	0.0790953
ebat	0.472203
diouzhta	0.025838
fonnapl	1
trodroio	0.48032
drouget	0.851171
lannek	0.314327
liant	0.336671
hersalhersahersi	1
litr	0.169789
rez	0.185644
termaji	1
dirod	0.466831
gwinpalmez	0.232761
damguzhet	0.438213
promesa	0.149152
souezhet	0.327669
dis	0.556133
libouret	1
kub	0.511567
seller	0.293455
kreva	0.396995
mererezh	0.103858
seller	1
periani	0.0464427
se	1
brein	1
enezek	0.34769
taked	0.451028
ezvezant	0.0128833
loloi	0.274132
er	0.0438484
matich	0.258495
menon	1
dizale	0.398171
bos	1
bug	0.652494
adreuzhagadal	1
bodoc'ha	0.190832
kraomor	0.208916
dourbilh	1
arnod	0.234324
feka	0.350458
arc'her	0.328044
pistolenndro	0.818502
adjod	0.0769231
brodet	0.956201
pennbouzelli	0.20812
mut	0.314562
advont	0.250851
stroll	0.345111
foran	0.910299
rizeg	0.0621212
kembraeg	0.613315
triket	0.250395
ez	0.307159
flut	0.659174
int	0.0760452
goroadenn	0.439258
peurunvani	0.314271
dibeilh	0.650476
sil	0.321516
laer	0.0430566
nasket	1
doubl	0.458424
dizro	0.224252
mitennek	0.857331
tez	0.314462
disk	0.133991
keltiekkeltek	1
revor	0.0807411
flammin	0.20809
poultrerezh	0.0282343
latinek	0.494629
friz	0.872284
europat	0.377478
koublad	0.153526
feka	0.192831
akul	0.384145
mout	0.201575
aziskan	0.354893
derobe	1
leurenn	1
stlap	0.165978
pe	1
moarvat	0.253739
digompouez	1
kenek	0.201257
karnet	0.520557
kifet	0.376331
KloastrPlourin	0.313762
kad	1
broched	0.322958
glasteri	0.308897
dichak	1
Jakez	0.0927922
santual	1
pladenn	0.270876
aeno	0.286404
erez	0.0602982
torch	0.238678
tric'hant	0.0213401
tamall	0.304196
flegenn	0.199153
gouelerezh	1
bizat	0.224556
lipad	1
akre	0.320196
gaouiardi	1
bremaik	1
porzhhouarn	0.102687
goular	0.316607
mouger	0.119522
milon	0.264484
plato	0.0140871
joal	1
mellad	1
sammad	0.197172
koulz	1
diret	0.297948
kenderv	0.170649
kotad	0.188318
atom	0.582769
trouzer	0.0830374
YaouBaskYaouFask	1
priza	1
koc'h	0.348237
dizurzh	0.608974
adjod	0.0769231
StadoUnanet	1
ren	0.507192
arteziat	0.305735
pet	0.227282
dirabas	0.271809
peurzeski	1
skolaat	0.191722
ranellerezh	1
bremaik	1
lasad	0.337753
bloukard	0.25
mizvezh	0.224855
amzeri	1
uhel	0.241923
mammgozh	0.250193
bruderezh	0.723169
sevenn	0.367701
ekroug	0.235571
fallober	1
fedamdoustek	0.644145
hent	0.423017
fulac'henn	0.63305
ave	0.0498634
erez	0.42376
touellus	0.463209
mardandoustenn	0.811629
lezvarn	1
deuv	0.0506407
divleupa	0.492781
trist	0.432574
tuta	1
talad	0.0151043
bambocher	0.493912
sako	0.584265
abellgozh	1
rao	0.538155
palatrez	0.453179
lustrugenn	1
personkanton	0.215757
mitio	0.596987
er	0.0307649
migadur	0.0181575
trekaer	1
analad	0.0383639
oget	0.49092
dibunerezh	0.662212
poanizili	0.374791
kludet	0.228313
rakvarn	0.631395
taer	0.390965
revor	0.0290721
enea	0.395274
anizet	0.0830749
digontamm	1
didal	0.36765
kokombr	0.280703
formajlaezh	0.836618
broadeler	0.144008
koran	0.369827
ravalink	0.0321239
strogaj	0.609536
lennadeg	1
presouer	0.0463889
bos	0.315956
keneskob	0.429312
dispi	0.0651006
didailh	0.422093
skeudennet	1
dak	0.417677
galouaj	0.20885
kliked	0.0163001
dilovri	0.0440222
hou	0.0528893
dis	0.0455844
lostpik	1
flat	0.445878
ac'h	0.0793276
limonat	1
adjod	0.0769231
atom	0.161189
aerlestr	1
chikolodenn	0.620726
toennet	0.0213012
piled	0.38713
brochenn	0.332758
pluvet	1
dilusenn	0.108794
fe	0.174777
chour	0.372176
kentren	0.0983607
harpenharp	1
difeiz	0.320483
adreizha	0.277851
dijen	1
korn	0.162275
terenni	0.29418
delestaj	1
teuilh	0.0134109
goueledi	0.408489
agreiz	0.271431
kel	0.286325
madam	0.202517
avat	0.410007
sklasasklasi	1
berloat	0.260865
diskellat	0.340498
derv	0.0295442
kornk	0.172694
kreva	0.0728601
sin	0.25707
ober	0.411076
mudez	0.213882
diandon	0.0112498
leskadurezh	1
bid	0.672895
touer	0.063738
dilabour	1
koltari	1
bam	0.442515
NoalPondivi	1
profesi	0.306818
skod	0.597349
tres	0.0246742
gwalarni	1
meanti	0.0247548
fran	1
marka	0.240393
klouka	0.213552
er	0.355725
gwezpupli	0.394489
relez	1
polez	0.246255
togenni	0.0690197
lostigat	0.0407075
riblenn	0.579216
agenta	0.311698
mint	0.658292
a	0.367056
ouf	0.419881
touellus	1
loso	0.424207
drougkalon	0.147236
't	0.523519
a	0.409668
rannvor	1
amzeri	0.411076
portugalek	0.407672
torea	0.378685
distrap	0.437863
bead	0.454482
pezhia	0.216859
troveni	1
truilhennek	0.295965
foran	0.135383
islonkus	0.446809
daererezh	0.116079
trucha	1
skilenn	0.0314362
prederenn	0.749994
faro	0.138381
sellataer	0.0990135
dibennerez	1
faouter	0.369026
perier	0.074367
edek	0.412443
bernmor	0.385399
melenn	0.45184
diwezh	1
bouruz	0.648561
serr	0.0217421
mardandoustik	0.974481
kompez	0.375739
lidus	0.490574
taok	0.0958782
rez	0.0853219
alkool	0.212168
ranell	0.518093
kanonek	1
blank	0.198819
kampou	0.46669
touchhatouch	0.223919
limaj	0.34113
troet	0.647954
aganto	0.362411
diraj	0.423969
taosi	0.0996671
lipet	0.429337
hanez	0.206591
kantol	0.0147249
torchennet	1
trouzer	0.0293749
flipes	0.2306
alfet	0.249574
baza	0.222637
minotenn	0.43988
c'hoarzhadeg	1
roufennet	1
temptasion	0.475717
chistro	0.271083
koant	0.19813
levrier	0.0176596
avat	0.23573
torfedourez	0.288531
avat	1
pesk	0.253514
let	0.252829
ofiseravor	1
kigninet	0.299653
dich	0.0518523
distager	0.303212
anell	0.0193571
trilamm	0.162849
barilhad	0.654156
lierenn	0.205248
hent	0.248677
buruzenn	0.617056
magn	0.105461
lardeza	0.421597
diskellat	0.340498
tenneris	0.501874
arouni	0.0114361
hejerezh	0.188615
boc'h	0.450954
bog	0.00364726
korrigan	0.477554
keur	1
dibennerez	0.457371
taok	0.263607
bailhad	1
aez	1
tommadenn	0.83469
pennober	0.0835467
brec'hkarr	0.154368
divlaz	1
meuta	0.46413
mout	0.269031
emsikour	0.160136
pet	0.402769
dihueer	0.0368084
resever	0.084463
tredan	1
er	0.148716
amzer	1
hesoniezh	0.015428
bouederc'h	0.880854
laouez	0.267983
hent	0.359772
str	0.213746
boulc'het	1
kel	0.210672
as	0.38027
koutik	0.172201
stignet	1
diamen	1
skolaj	0.463929
eiler	0.0528692
fesant	0.193593
sourgana	1
laerez	0.243476
kaozeadenn	0.508759
ober	0.257552
lutik	0.387048
broeneg	0.0235369
adjod	0.0769231
tromor	0.296588
alfet	0.284268
macha	0.867541
segali	0.0158233
bigornenn	0.5
bourrusaat	0.490912
disk	0.314252
doublediou	0.196791
diskoazell	1
ez	0.277902
melldivelli	0.505161
pezhia	0.0167838
pet	0.5162
tredan	0.0710694
peurvouga	0.840311
kroaz	0.306009
maenaoter	1
kokoz	0.0178628
chal	0.412286
kevella	0.0274129
morleva	0.264702
pebeilpenni	0.474378
touneta	1
hent	0.209634
aez	0.0603494
luziant	0.00711234
sablennek	0.157465
plaia	0.122307
dis	0.295488
skolaat	0.217471
bilh	0.244987
trogamm	0.49535
teka	0.0207715
dis	1
abuz	0.326472
aunvan	0.281287
tor	0.0381012
dizouea	1
lip	0.68707
mordavad	0.0906912
stroll	0.345111
goet	0.309628
lardik	0.512084
kania	0.0661854
patronaj	1
klapad	0.239149
adfekioner	0.0714286
maladenn	0.310907
mesk	0.298872
hantersodi	0.297691
plaen	1
rei	0.153645
diskoaselli	0.0196847
bo	0.411567
lammpik	0.168848
pere	0.205751
gronn	0.0336737
freoz	0.836618
boureller	0.964168
distilher	0.439599
gong	0.228684
gwerat	0.0611621
dorborzh	0.286712
lip	0.528389
mout	0.27758
pepe	0.372456
warraok	1
alkool	0.298729
brizhaotrou	0.765617
gaouet	0.5
milad	0.248306
blein	0.238013
adfekioner	0.0714286
dironnadirounna	1
feri	0.0509829
gwantenn	0.00999326
evel	0.189897
saon	0.0270056
pourset	0.319526
freget	0.307876
stroallek	0.197225
klufan	0.603565
skoazeller	0.273089
tamall	0.206713
mardandoustik	0.446733
meme	0.201608
rost	1
pe	0.25
fuzik	1
sederaat	0.326812
dispontet	0.918797
chukat	0.155237
arwezet	1
dic'hoapaat	1
chorennet	0.381544
rakvarn	0.631395
as	0.279328
rouzenn	0.432018
pluerc'h	0.452805
koarenni	0.0884854
roz	0.151826
amaer	0.0306561
mindrailh	0.117425
kildroet	0.365801
bo	0.0558193
fanisa	1
dinerzh	0.792857
fidamdouen	0.508977
kreva	0.0147562
gwatal	0.0136152
sec'hor	0.554502
peogwir	0.504573
ambazhetambac'het	1
skiltr	1
tabernakl	0.333065
kazhnoz	0.196211
tosel	0.095125
tilh	0.467705
advountenn	0.0355903
direun	0.263168
studier	0.634401
diraj	1
pich	0.518421
difall	0.355984
alagad	1
dom	0.183419
degochi	1
brochenn	0.455292
truez	0.248533
ran	0.286124
ami	0.343885
dama	0.301248
prisez	0.0400304
hernaj	0.349535
erienenn	0.0297092
feal	0.18403
gell	0.262606
dicheda	0.459574
flat	0.385758
pourren	0.524213
glach	0.398087
frelom	0.351521
all	0.0984971
hentkornandoned	0.470607
bigornenn	1
gaouet	0.314453
tromor	0.379434
emsikour	0.148695
panenn	0.143706
mall	0.200756
stoklosto	0.428844
arvarvailherienvaleerien	0
tadpriol	0.465366
pennask	0.305938
bouklenn	0.358871
godin	0.0746354
krenn	0.212826
tana	1
kevella	0.798485
fez	0.259748
silienn	0.0190112
parlampi	0.617113
c'hoariell	1
galleg	0.21143
ispridet	1
loupenn	0.257083
distrizh	0.0407346
loso	0.278818
danek	0.592453
koran	0.312989
Fach	1
silet	0.29129
daouhantereg	0.023183
fosier	0.241289
truaj	1
are	0.359757
harpon	0.204809
aezet	0.04344
toreg	0.160843
kloriet	0.113009
ribin	0.756781
voterezh	1
dibrenn	0.280731
strak	0.44507
difetet	1
fuzik	0.148363
kabanou	1
melchon	0.284705
rikamanet	1
hage	0.580072
distan	0.35778
skourj	1
tiek	1
dironnadirounna	1
tumper	1
dreuz	0.328967
divleupa	1
enoeet	0.248399
siros	0.164438
lenn	0.0325083
skavgwrac'hgwenn	0.61795
aou	0.173006
fouilh	0.381537
daskordakor	1
hirbadout	0.639596
kafeta	0.307985
bles	0.0588109
burevbutun	0.266677
taolenni	1
deuv	1
muzul	0.268045
ranell	0.476526
askre	0.733757
rei	0.0473242
magnous	1
treuzkomz	0.231779
ruzwenn	0.162015
kantol	0.0147249
taer	0.0242247
teut	0.313279
mik	0.340966
diouez	0.313374
lustrugenn	0.544624
dispont	0.871059
chimik	0.398153
lop	1
tarinenn	0.0305357
diskrognet	0.888944
fuzik	0.300549
Bonbonkredans	0
kaniliz	0.189666
krab	0.180319
diflatrdiflat	1
born	0.288005
Fisel	1
klufan	1
moudenn	0.49078
dizalc'h	1
aezoni	0.0168959
sonenni	0.0330525
mint	0.215791
flipataerezh	0.0203097
skuizhadenn	0.761974
kel	0.525107
meurlarjezameurlarjezi	1
plaia	1
avama	0.207616
er	0.0350701
chuerjal	1
bertimi	0.209701
barrkrenn	1
tez	0.657907
c'hwistim	0.13907
elektrik	1
itik	0.253028
maget	0.290899
furch	0.5
sourlevenez	0.011546
bado	1
leskadurezh	1
dama	0.00567475
dornred	0.268581
poaniahagaspoania	0
treustell	0.160664
karabod	0.113397
kokoz	0.0148071
kabochat	0.0139756
dourvenerel	1
advota	0.0341496
distrouilh	0.35359
morgaoulenn	0.513988
hevag	0.293265
ran	1
maez	1
adnevezi	1
moust	0.347924
gaoliad	1
chistro	0.271083
betekhenn	0.197921
dalc'has	0.240417
kaver	0.337851
viklJzusKrist	0
eben	0.281912
troc'htrach	1
to	1
truilha	0.108242
stank	0.458342
difetet	0.414248
bos	0.276292
hernaj	0.871158
fonnapl	0.333655
freget	1
toufad	1
parentez	1
advugel	0.429161
gwabriol	0.442597
er	0.03648
karrez	0.267064
tignol	0.617634
pevarlamm	1
brall	1
KernevKerne	1
opiom	0.274966
diroufenna	1
drailh	1
klopin	1
bak	0.0318571
tramek	0.476765
radio	0.375658
labous	0.115513
keuneudek	0.0237219
spoeset	0.0710643
ablas	0.238952
poz	0.304243
emgroz	0.269463
teut	0.264398
skuizha	1
koulz	0.538344
koublad	0.680852
stonn	0.046052
kel	0.520888
alvaonet	1
goujard	1
feal	0.354926
tres	0.129379
kokoz	0.329255
masko	0.195877
erez	0.0602982
talk	0.316734
lezdavont	1
dourvenerel	0.175468
liammet	0.315007
oufal	0.317246
las	0.158747
bak	0.133333
rondell	0.19808
Wallon	0.291446
gobo	1
tourz	0.44136
penntev	0.230971
beon	0.00559006
amzer	1
paotri	0.0919546
distaoladenn	0.662512
didailh	1
punellat	0.252457
rouzenn	0.279239
yeu	0.0809918
chemp	0.332157
mouilh	0.378147
azibouez	0.0253904
tu	0.359268
dispenn	1
dic'henna	0.0358072
bet	0.393287
diskorpul	0.373209
ten	0.567626
gaouet	0.314453
gros	1
lanfre	0.375347
viri	0.0771173
goursezet	1
sec'hor	0.711631
baltaz	0.463396
se	0.0182548
brogonenn	1
panenn	0.124647
leunbourr	0.107284
toennet	0.373256
gresaat	0.233268
ampar	0.410491
millizout	0.255757
paganat	0.0278722
abare	1
trevenn	0.0672737
kad	0.112493
sterganni	0.112425
goedenn	1
arestenno	1
barzenn	0.309894
menon	1
toennet	0.079526
souchet	1
ac'h	0.582749
rouzig	1
chas	0.563547
labousnoz	0.103373
krenn	0.413312
amled	0.263881
marc'haer	0.180125
lasad	0.480492
peluz	0.657907
fez	0.216875
lallaik	1
adroc'h	0.235573
pesk	0.0301489
bug	0.217979
bian	0.213203
kenetre	0.425402
lijer	1
limonat	1
mogerdifenn	0.276305
romanek	1
fregant	1
damvarrek	0.03728
begad	1
karot	1
distaoladenn	0.766896
ola	0.260729
diskellat	0.329477
rdro	0.271811
nazontealketenoc'h	0
daonenn	0.431536
kantenn	0.267492
botourkoad	1
kamm	0.414773
klask	1
didrubuilha	0.495898
pater	0.0511118
glis	0.248912
soubilh	0.0125924
brein	1
bog	0.0635771
klenk	0.287675
bambocher	0.569585
all	0.0697796
ebat	0.386056
bid	0.586521
dirdign	1
riv	1
troc'herbuzhug	0.343954
gleupaj	1
klouka	0.402303
lipouzenn	0.810843
anont	0.296145
dic'hout	0.846181
bak	0.133333
gwarezad	0.23319
aeilrenk	1
koant	0.0261785
edenn	0.611856
dispont	1
tintina	1
dic'hiz	1
maraonik	1
nijadenn	0.430148
aboz	0.351533
direun	0.0303564
bid	0.369623
koataat	0.115802
loka	0.0272947
miz	0.400167
skorer	0.177517
reg	0.378878
trepet	0.380792
alfet	0.411486
forc'hata	0.253533
sakridigezh	0.750046
ouf	0.545891
truaj	0.34339
sutadell	0.181271
chan	0.142704
dinamo	0.209501
bailhad	1
diwez	0.257631
jiminas	0.191044
fourrad	1
mison	0.287948
barrezh	0.0723489
StadoUnanet	1
adorimell	1
diser	0.0232761
touell	0.212331
karot	1
maenkorn	0.0116157
tipedi	0.452436
trouzer	0.0830374
tezhiek	0.0157598
pil	0.367879
krennvrezhonek	0.761383
digarezer	0.333333
roz	0.327908
meskaj	1
aezet	0.335001
mal	0.261498
mailh	0.512368
semoul	0.493561
rav	0.0246005
rouz	0.261965
dampasion	1
glav	0.77958
nevez	0.483871
bageer	0.607267
skilfennek	0.345645
diverras	0.0244665
pardandienn	1
pavgwan	1
skladenn	0.265352
evel	0.335598
Ereg	0.309725
pura	0.558542
adfekioner	0.187949
modernaat	0.563562
derv	0.0136708
fidadoue	0.116956
tuta	1
agatez	0.557874
resti	0.085603
mal	0.343603
avellaer	0.0660267
lanfre	1
para	1
erez	0.363876
poupon	0.17943
korn	0.355013
flanerezh	0.297093
digristen	1
kouarz	0.0452621
kornzigeri	0.0890753
dilusenn	0.101726
grim	1
laouez	0.0356733
karamel	0.462196
gas	0.516128
trucha	0.0863207
daouchouket	1
pifon	0.531064
sevenn	0.721453
teut	0.374603
atom	0.387681
dornikez	0.223947
ola	0.294896
lostenn	1
kelan	0.400945
lichuenn	0.621684
kofont	1
kaver	0.109223
karantez	0.0246361
lennet	0.114424
mell	0.299067
tor	0.29641
skuizh	0.654657
adaoltarzh	0.0891102
intavezet	1
dic'henna	0.198875
titouri	1
trea	0.338292
peuk	0.399242
strouezhaj	1
prei	0.900829
diod	0.400878
loka	0.402158
ambleudi	0.131641
torea	0.0112571
poz	0.406089
armadur	0.399882
poullet	0.256761
kad	0.295931
pevod	1
treuzo	0.557784
skouarnet	1
vit	0.192565
seblant	0.132691
dichas	0.941827
troen	0.0120219
moret	0.37659
kannder	0.113341
per	0.147607
SadornFask	0.106107
morleva	0.722953
drailh	0.200294
viri	0.0771173
esa	0.408984
soulenn	0.300502
mailhi	0.0372081
brein	1
sas	0.580082
tulotet	0.444892
bid	0.578345
febl	0.204298
lip	0.718337
fouailhet	1
pesa	0.40481
trujetat	0.496692
adtapout	0.549686
spegus	1
nijadenn	1
kas	0.255187
pichos	1
prizoniet	1
ahendall	0.306215
sil	0.36694
kenderv	0.602008
amzer	1
labous	1
man	0.274051
kammdro	0.200882
mererezh	0.0687298
harpaharpi	1
pa	0.162889
pokez	0.45693
dizabet	0.121919
klak	0.5738
ekroug	0.315904
diaoulez	0.885264
bapeur	0.222335
't	0.410981
rafia	0.144499
kantenn	0.0137099
migadur	0.0181575
difonna	0.298719
melenn	1
roz	0.134294
divlaz	0.542925
kac'her	0.0818442
rouletat	0.0534596
yen	0.295971
divacha	0.093515
evitse	1
pirc'hirinaj	1
mell	0.308675
diraz	0.312279
divlein	0.374356
katre	0.468175
divaen	0.0376363
ognat	0.53606
edek	0.56991
politik	1
chaltapis	1
beziad	0.0482707
klouka	0.381322
patronaj	0.365798
galleg	1
mimi	0.13853
evitse	0.271553
palad	0.0744642
bak	0.133333
geltad	0.411522
morgeuz	0.103004
rouz	0.0119566
dervenn	0.0289014
ran	0.286124
farsite	0.464743
sac'hdrag	1
diankadenn	0.131525
soutanenni	0.40493
trejo	0.20266
alammopenn	1
bet	0.227487
feka	0.115118
bet	0.327366
lop	0.420193
terenni	0.035802
paourdu	0.426904
endervezh	0.0127041
flammad	0.334405
kriadenn	0.204454
kouskadenn	0.212667
man	0.936596
stroll	0.883663
dol	0.284656
kagalet	0.0131007
folklorek	0.574448
edenn	0.527935
truilhennek	1
saragi	0.0263755
kouter	0.0614214
disgwalc'het	0.571983
profezi	0.337564
razailh	0.445411
pet	0.464209
dis	0.00513845
rouzenn	1
voter	1
moeltr	0.276243
chaokatchaokachaoki	1
faosoni	1
chejenni	0.137338
souchet	1
reg	0.515393
truka	0.0489949
andon	0.228433
kammed	1
bre	0.622676
mell	0.163097
karenn	0.279829
hou	0.301761
modesti	0.0303411
damen	0.456992
antoni	0.0229429
houstet	1
oanez	0.30668
hersalhersahersi	1
bouedglas	0.238408
belouga	0.0380049
fenestr	1
flammad	0.361671
dizanavez	0.00872397
bet	0.377198
strak	1
glazvezi	0.45667
goulenn	0.379395
liammet	0.0499653
kombod	0.518326
akul	0.187292
kosenn	0.374593
adfekioner	0.0714286
drama	0.196035
loerenn	0.20142
azibouez	0.625
kel	0.430111
forc'hata	0.0286919
trilamm	0.0378826
beselier	0.0623339
kaniet	1
fererezh	0.344852
trujetat	0.269923
GorreKernev	0.063665
didech	0.616247
esa	0.0406958
god	0.0340112
goap	1
amboubal	0.793895
lenn	0.357092
kavanus	0.694639
moumoun	0.518093
diyalc'ha	1
goet	0.320479
oberkoumpagnunezd'ezhan	0
poazhtan	0.228891
koataat	0.682124
kantvloaziek	0.12889
lustrugenn	1
devedenn	0.024509
motet	0.234882
adorimell	1
lammpenn	0.20045
dama	0.0482147
as	0.371877
dimez	1
dare	0.03644
resti	0.0293499
flap	0.402186
Even	1
satordallik	1
dornikez	1
bilhedvot	1
taolia	0.313734
brein	1
nebaon	0.051727
eskeud	1
dourjostr	1
dichou	1
korndouar	1
huelez	0.0443969
follez	0.185459
dirent	0.330395
klavaet	1
andon	1
marehamare	1
chaogell	0.709931
a	0.413095
kalite	0.821677
ridellat	0.703132
brall	1
fuet	0.524706
erez	0.473315
troell	0.416661
dresour	1
bouedmir	0.5
dic'hodella	0.702961
gwenter	0.261829
divrec'ha	0.0108228
kenderv	0.264653
distokadistoki	1
morjin	1
izelaat	0.31753
fonnapl	1
gwenved	0.644796
gward	0.422987
jaret	0.169969
barz	0.216332
egizall	0.181105
miller	0.164991
distan	0.13327
kerentaj	0.566156
bouzarenn	0.525664
sablenn	0.055613
droukSantVode	0
simantenn	0.0412622
frai	0.362808
pinijenn	0.245469
maenglan	0.331757
ouek	0.473716
ampar	0.139783
dizurzh	1
mesk	1
abellamzer	0.414063
peurglozet	0.0584301
dispi	1
grez	0.015201
seul	0.47508
farzpitillik	0
aparas	0.168211
madam	0.0986071
blaz	0.258757
kourd	0.0201888
tamall	0.209631
tana	0.212598
mesk	0.604498
seit	0.19033
ouf	0.254008
aboz	0.183612
saldebri	0.732406
biskornloar	1
mourn	0.551918
laoukoad	0.292555
pourvez	0.940057
feller	0.295974
palad	0.282786
c'hwit	1
mester	0.252415
difrom	0.0605282
meltad	0.836674
ekevret	0.675169
foennmelchon	0.266292
laoua	0.352287
bleuvkuruno	0.628473
pailhard	0.236124
mallozhtouenn	1
divlaz	0.0812334
harpenharp	1
taolru	1
piltos	0.12484
lalla	0.534011
bodennet	1
barz	0.353793
nann	0.30924
gouelerezh	0.0451667
chop	0.265843
kroaz	0.524673
fidedoulle	0.175703
elektrik	0.283892
lutik	0.245089
alazhki(klav)	1
bir	0.285714
sapredie	0.253783
rav	1
lrennet	1
gong	0.35663
apoueilh	0.0341581
gell	0.443569
peurlazha	1
kaver	0.0617693
nondondistag	0.310309
all	0.0984971
gwezennad	0.725108
per	0.390136
distan	1
fok	0.215428
lorbus	1
kraset	0.579886
charn	1
bourder	0.034394
menot	0.268392
daser	0.468936
trelater	0.0331551
taolenni	0.0475622
solierad	0.423948
falc'heg	1
avalpato	0.228399
Wargwennegitez	0
streuvell	1
distan	0.256138
pelerinenn	0.0237094
saotr	0.18825
patriarch	0.215174
dreog	0.537419
amboubal	0.286445
lufr	1
diaozet	0.0384491
dourbilh	1
barbar	0.0578592
leunbourr	0.107284
aezet	0.305673
kailhenn	0.527431
lentidigezh	0.185614
chistrouenn	0.341026
begasenn	0.343839
pennadurezh	0.325146
diyalc'ha	1
trank	0.320928
pinijenn	0.686429
fez	0.374584
kalabloaz	0.230217
voumounatoskianchou	0
bouc'ha	0.76567
arwele	0.286873
turlebani	0.327683
dicheda	0.303752
sed	0.461572
mota	0.168603
aou	0.340024
adskrivadur	0.670428
divreizha	1
keved	0.110479
koulz	0.254972
togsistr	0.427682
faro	0.147303
akre	0.394526
diroufenna	0.0248044
maez	0.454146
alammat	0.115177
straker	0.429319
warstlej	0.477201
bruhellerehburhellerehbrunellereh	0
kildroenn	0.471474
gamachenn	0.113433
koatet	0.0578579
koulz	0.146809
bam	0.391294
afas	0.746754
paska	0.577477
germaneg	0.597357
ravalidi	1
tourista	1
dinerzh	0.345314
ekeit	0.373825
stropi	0.487064
bouedgoav	1
ola	0.336443
teal	0.425769
meme	0.347286
darnet	0.293886
distambouc'h	1
atil	0.518082
fain	0.232587
dired	0.935121
brasellet	0.436669
kotad	0.307465
mell	0.487237
dic'haouet	1
keveria	0.0122908
teal	0.295608
touellus	0.413655
pourennat	0.0327712
trogamm	0.226247
ez	0.0573199
karot	0.350195
digardellat	1
hent	0.22557
takonet	0.424955
kazelet	0.0198845
peuk	0.458346
fidambie	0.403215
bitellajo	0.206967
flat	0.215419
dic'hiozet	0.541105
kalvar	0.560031
amaer	0.077019
skuizha	1
andouv	0.43896
mik	0.335501
pezhia	0.072292
romanek	0.345044
kouarz	0.136754
feller	0.219398
rouz	0.0491071
ampar	0.521282
aleizhdorn	1
bezia	0.496265
redadeg	1
faouter	0.04787
stonn	0.152584
sailh	0.809411
streuvell	0.513103
blaz	0.276223
voulouzet	0.827912
bra	0.713572
gorre	0.31202
avat	0.135689
dilorc'h	1
chik	0.756794
dispont	0.541122
miton	0.0866449
kenstrivadeg	0.591663
ichtich'ta	1
taskagner	0.0287152
dervenn	0.88763
mut	0.353872
sin	0.282647
begasenn	0.0494065
sukraj	0.0140093
peurvuia	0.154272
difuriet	0.616275
lrennet	0.687998
kammdro	1
trank	0.415694
Biel	1
tremenadenn	0.470058
lezverc'h	1
adwel	0.0913889
riolenni	0.380125
divourrapl	0.135317
chadenner	0.199631
ten	0.420193
trouzer	0.0293749
edenn	0.296499
sailh	0.370287
laerez	0.019293
silet	0.227275
ragout	0.961808
aeno	0.330228
't	0.523519
skora	0.426143
touer	0.502738
meneztan	0.655343
amzer	1
dol	0.33949
gronn	0.0307949
ledanded	0.20032
difer	0.749994
gell	0.175009
difizias	0.107266
red	0.291103
brema	0.22157
moukled	0.221873
disoudard	0.0216385
stokenn	0.652031
galos	0.170851
mout	0.297447
derv	1
dismantradismantridismantr	1
goueladeg	0.965873
roulerezh	0.403384
diwez	0.018733
talad	0.324456
moullboto	0.0398414
faro	0.223527
eskobi	1
kole	0.291455
komzenn	0.630955
kadorlez	0.217454
fivadenn	1
kaver	0.0128251
goudorenn	0.183268
moulleg	0.370363
morchi	0.282568
sulfat	0.157233
amzeri	0.746356
puf	0.570371
klimisia	0.0218587
alkool	0.212168
skod	0.367115
pegenn	0.428681
katre	0.025354
god	0.52389
rolti	0.550993
brabaser	0.950338
melchon	0.692764
meudika	0.689408
ebat	0.477264
frelom	0.196816
miget	1
moret	0.306575
peuzhevel	0.0197612
diavaezour	1
bevek	0.0652088
askiltr	0.173674
str	0.454055
letin	0.0107898
moullerezh	0.314762
kraset	0.0135442
Plouenaniz	0.219693
rizenn	0.113547
garenni	0.0121212
b	0.751206
uhel	0.452805
klikklok	0.376768
bid	0.185143
kludet	0.325736
se	0.713572
divent	1
bernkroaz	1
flut	0.375251
maladenn	0.510626
glasteri	1
fursot	1
taper	0.00349413
stol	0.269391
mousc'hoarzhin	0.142867
gwazhienn	0.0297138
skrignet	0.406443
Lena	0.250416
lip	0.718337
pennden	0.212
heda	0.363581
lanngibin	1
sed	0.523331
dare	0.169961
eno	0.258187
speg	1
fererezh	0.344852
strabouilh	0.323186
digor	1
peurglozet	0.0574408
karenn	0.289744
moret	0.306575
tana	0.271984
Roen	0.27303
lipet	0.358065
penent	0.228471
hent	0.221133
skarz	0.0750821
kofilis	1
galoch	0.250548
mester	0.0243886
diouela	0.389199
kammichal	1
moret	0.369275
stranet	0.0456784
takebien	1
sizhuniad	0.238456
fenestr	0.219469
lies	0.168469
reizh	1
araokaat	0.206677
fenestr	1
koefblev	0.347374
advev	0.016213
dic'harzhadur	0.682946
dichas	0.973323
diroda	0.744407
tonigenni	1
paramanti	0.0919735
bloukard	0.25
Siberianiz	0.0184036
chinez	0.205129
mut	0.412599
barrad	0.59523
telefon	1
tronkon	1
strak	0.477519
saourapl	0.476526
polc'hi	0.0235766
kustumanto	1
rabez	0.5
titouri	0.187931
derv	1
prederenn	0.0218644
amaer	1
mestrgar	0.166784
lostad	1
kristenezh	0.0182888
eno	0.422675
teut	0.17551
freuzafreuziatfreuzi	1
harpaharpi	1
strilhenno	0.0122779
ambulaso	0.0161984
mouchenn	1
prisez	0.0936067
streuvell	0.33844
dispontet	0.367879
to	0.0822758
sederaat	0.636077
spletapl	0.355245
lazhet	1
gwallaz	0.185808
tilh	0.369019
loenstlej	0.102154
redgwad	0.386625
Reitaolioskarbell	0
piltos	0.540692
matier	0.0264077
kedez	0.136771
eneel	0.25729
glizig	0.720269
galeoner	1
dizesk	1
rouzet	0.616963
fraojal	0.0928407
modest	0.0728356
drailheiz	0.0558258
dichas	1
avama	0.321994
borb	1
avama	1
likenn	0.0558855
kaniet	1
didoenna	0.0261341
kad	0.594521
avaleg	0.111738
pous	0.0430031
poullkanna	1
toullber	0.443854
pakadenni	0.0877462
hual	0.2515
askerb	0.268994
dilennad	0.213231
setu	0.194875
ankoua	1
dare	0.198371
per	0.363201
aou	0.290422
dak	0.274042
vilonaj	0.387687
troet	0.389602
Jakez	1
likoez	0.161493
kompez	1
nijadenn	0.270282
beziad	0.0482707
bilh	0.617375
moust	1
ezelet	0.32909
barz	0.464994
euriad	0.302637
avat	1
flap	1
mona	0.312034
diodet	0.101284
klochenn	0.0573944
ablas	0.38854
telegraf	1
tor	0.626335
roz	0.398987
dizalla	0.276734
prada	0.496253
sas	0.414378
dichas	0.973323
siseurt	0.469712
amerikaneg	0.0137045
kotad	0.0134728
migadur	0.0181575
charn	0.375005
loch	0.230109
argadenn	0.219217
evezhded	0.29246
hou	0.430499
paron	0.0360024
koarenni	0.0791735
arebilh	1
dich	0.350971
kraokokoz	0.553428
koser	0.0717231
ampar	0.440733
firitell	0.558312
kammdrei	0.1481
maniok	1
radio	0.824666
boutellet	0.343468
prada	1
blod	0.526324
mouilh	0.372166
drailh	1
blazenn	0.455292
fe	0.432449
er	0.819639
diblusket	0.640355
tontonbesk	1
andon	0.320642
goulosk	0.575994
bornez	0.313194
fardaj	0.409109
mizvezh	0.224855
toc'h	0.312128
didoget	0.281798
awev	0.440981
tuta	0.446506
stoupaer	0.482597
skorpul	1
diankajo	0.353901
skavadurezh	1
pario	0.763891
tieko	1
karred	0.0659905
mell	0.198608
Even	1
mormor	0.126725
bra	0.344174
mekanik	1
kaver	0.0385388
lug	0.340191
bastik	0.689126
postkloued	1
tatoui	0.394652
china	0.959097
pich	0.518421
karantez	0.378262
argoadad	0.373901
andellad	0.67235
ha	0.0366767
termaji	1
mouskomz	0.230028
blaouaer	1
karvet	0.346103
uz	0.0691066
link	0.364274
divolz	0.413279
teal	0.257201
toulla	0.182922
jiboeserezh	0.292602
perza	0.676714
dregichen	0.636232
fornia	0.0753076
prada	1
dichas	0.324756
dilovri	0.172745
bonedtouseg	0.713572
adrei	0.304358
bouedad	0.940314
bado	0.231201
ampaourig	1
reper	0.501326
patererpaterour	1
ton	0.264661
hek	0.252748
harpenharp	1
douarenn	0.698404
advont	1
laouez	0.18296
toupin	0.120364
savet	1
pozenn	0.340672
pennbazh	1
god	0.402485
rost	0.631395
chipot	0.093722
piled	0.304669
mona	0.293674
panenn	0.0326721
sellus	0.420087
Gwilh	1
adren	0.181203
kraset	0.147576
sailh	0.27291
divouedet	0.183014
distan	0.0125472
HollZantel	0
aboell	1
grojet	0.103913
pezhia	0.216859
diavaez	1
stamouzet	0.0350138
pezhia	0.0703609
ae	0.05366
objektivel	1
kroazer	0.128233
brein	1
ruskennek	1
alammat	0.309332
kel	0.36861
digripon	0.463907
gos	0.514529
silet	0.318547
ae	0.530594
turierdouar	0.634401
ola	0.290259
politik	1
to	1
't	0.413544
sonerez	0.0567846
Paola	0.236486
fic'hellat	0.736242
halegmor	0.422268
klodad	0.594015
liant	0.156332
kosteziek	0.0689209
peurvega	0.024093
renapl	0.184061
bob	0.276429
rouzet	0.328448
kantenn	0.383313
gwaremm	0.258925
akul	0.567626
pesketaer	0.168084
bali	0.321663
diskorpul	0.429764
kantad	1
dizeri	0.0277164
ruilhadenn	0.300758
rouzig	1
diraz	0.62071
batouilh	0.510278
skerbia	0.0445096
Kuzulmeur	0.218466
kutuilhet	1
rizeg	0.261399
rouanez	0.178568
penent	0.247355
glazenenn	0.563361
pokez	0.256709
kagalet	0.184113
goion	0.372567
aoter	1
diser	0.0390706
blein	0.0631032
pavez	0.214123
mut	0.068067
trank	0.320928
dispak	0.437505
laer	0.326415
dizale	1
pec'herez	0.577462
drag	1
yezhaduri	0.25913
ouek	0.0246291
gouignal	0.16346
biton	0.218219
diziaouli	0.0283807
midad	0.288201
merkad	0.435133
logn	0.3523
diskarer	0.0420245
bisig	0.425716
stankenn	0.8668
blankadurezh	1
azibouez	0.625
tilh	0.20172
driv	1
dispont	0.686662
koc'henenn	0.0452366
friz	0.402867
plapot	0.518093
doc'h	0.343589
entanet	0.646426
moreni	0.0819244
diroudenni	0.53952
buch	0.576698
paelour	1
luzed	0.281977
broched	0.227333
poloniat	0.0323873
promesa	0.0393256
bugalenno	1
galianek	1
pet	0.330471
eksperias	0.500528
prada	1
badaouina	0.486272
gwinizheg	0.512333
mac'h	0.89287
mint	0.191357
alpek	0.108028
drr	0.514693
parti	0.05151
fraojal	0.0928407
beni	0.84063
bles	1
kantad	0.258592
sojalsoji	1
toutek	0.135816
mell	0.262134
loerenn	0.190021
bag	1
dekoa	0.730859
las	1
lenn	0.269943
glav	1
arVederezendrammerez	0
prespolite	1
as	0.227363
laer	0.0483375
chaoket	0.258265
kad	0.127251
gouez	0.37191
koc'h	0.27454
diselaou	0.0246827
klouar	0.262301
lagan	0.367964
aez	0.31826
dizouar	0.189268
ran	0.308826
avozado	0.333857
eiler	0.0616023
bernmor	1
hage	0.426477
divodest	1
abare	0.140871
adouilha	1
begad	1
bernwarvern	1
saezu	0.37797
mona	1
pozamant	0.435136
all	0.295678
strak	1
poz	0.571579
li	0.0200546
terenni	0.0968329
fran	0.600931
ami	0.266036
goavad	0.406551
c'hri	0.210435
koulin	0.114388
lierenn	0.327154
kantad	1
saoutenn	0.372349
gwenter	0.0254809
paganat	0.11466
dirent	0.0329846
divouc'hala	0.138219
tosel	1
orodet	1
sterganni	0.166118
flammad	0.334405
klouar	0.359105
siseurt	1
koll	0.237421
feri	0.0519802
dizanaoudegezh	1
broeneg	1
devedenn	0.0104645
divourrapl	0.135317
mal	0.0944937
aezetaat	1
lagout	0.608374
abardaeznoz	0.408399
ese	0.354737
digraza	0.0221231
butunkarot	0.666667
pinijenner	0.184034
aboz	0.213842
finaat	0.0353453
trea	0.124865
henthouarn	1
ribina	0.30862
koc'h	0.470503
asas	1
teuc'heugnal	0.429827
locha	0.344921
gell	0.169495
bog	0.354524
pe	0.74216
distoura	0.0832908
astribilh	0.247333
avalorajez	0.707116
to	0.342446
kasell	0.242311
kofilis	0.243678
li	0.346747
astell	0.269798
baliouSantJakez	0
firitell	1
kafr	0.33411
perc'hennaperc'henni	1
emrenerezh	1
ha	0.274647
ermaeziad	0.042471
aveskell	1
lezireg	0.360426
ardanti	1
kriadeg	0.986463
mut	1
disgwenna	0.0158277
adtana	0.440636
fraojal	0.213495
savadenn	1
diraj	0.356657
mesk	0.430041
rog	0.312977
redadeg	1
riolenn	1
flat	0.811485
kreva	0.0728601
redadeg	1
erez	0.0816294
hent	0.293264
meskailhez	0.49078
nafoeltrnabrall	0
lestrreder	0.0939546
brein	1
priol	1
pozamant	0.312369
kistin	0.653775
diratozh	0.673265
rampla	0.722383
alagad	0.0923507
serbeg	0.0517509
garanagarani	1
diboell	1
kabanou	0.0198254
brogonenn	0.38402
freilha	0.238518
